ocel_id;ocel_time
drive_term_cr8;2023-05-24 14:49:02
drive_term_cr24;2023-05-25 08:26:12
drive_term_cr19;2023-05-25 09:41:40
drive_term_cr16;2023-05-25 09:54:32
drive_term_cr25;2023-05-26 08:38:26
drive_term_cr26;2023-05-26 10:53:17
drive_term_cr5;2023-05-29 11:42:25
drive_term_cr7;2023-05-29 11:54:13
drive_term_cr32;2023-05-29 14:20:47
drive_term_cr15;2023-05-29 14:34:01
drive_term_cr4;2023-05-29 15:44:18
drive_term_cr33;2023-05-29 15:56:10
drive_term_cr2;2023-05-29 16:52:38
drive_term_cr17;2023-05-30 07:48:42
drive_term_cr39;2023-05-30 09:53:25
drive_term_cr37;2023-05-30 09:59:17
drive_term_cr38;2023-05-30 10:38:59
drive_term_cr41;2023-05-30 10:42:46
drive_term_cr3;2023-05-30 10:55:00
drive_term_cr18;2023-05-30 11:10:29
drive_term_cr27;2023-05-30 13:57:51
drive_term_cr20;2023-05-30 13:58:23
drive_term_cr40;2023-05-30 14:16:21
drive_term_cr48;2023-05-30 14:51:19
drive_term_cr42;2023-05-30 14:51:50
drive_term_cr11;2023-05-30 15:02:22
drive_term_cr35;2023-05-31 08:49:49
drive_term_cr66;2023-05-31 09:31:17
drive_term_cr67;2023-05-31 09:35:25
drive_term_cr52;2023-05-31 09:48:28
drive_term_cr45;2023-05-31 10:20:24
drive_term_cr22;2023-05-31 11:23:06
drive_term_cr6;2023-05-31 11:30:16
drive_term_cr9;2023-05-31 11:38:13
drive_term_cr30;2023-05-31 13:42:18
drive_term_cr61;2023-05-31 15:40:02
drive_term_cr47;2023-05-31 15:42:03
drive_term_cr69;2023-05-31 16:39:29
drive_term_cr58;2023-05-31 17:01:53
drive_term_cr31;2023-06-01 08:19:44
drive_term_cr50;2023-06-01 11:11:05
drive_term_cr57;2023-06-01 11:20:35
drive_term_cr64;2023-06-01 11:35:22
drive_term_cr51;2023-06-01 11:38:40
drive_term_cr77;2023-06-01 11:55:48
drive_term_cr85;2023-06-01 11:57:03
drive_term_cr34;2023-06-01 14:03:31
drive_term_cr43;2023-06-01 14:47:41
drive_term_cr13;2023-06-01 16:23:49
drive_term_cr29;2023-06-02 07:36:49
drive_term_cr80;2023-06-02 07:38:06
drive_term_cr1;2023-06-02 07:56:49
drive_term_cr21;2023-06-02 07:58:49
drive_term_cr84;2023-06-02 08:42:05
drive_term_cr10;2023-06-02 09:48:36
drive_term_cr82;2023-06-02 14:13:35
drive_term_cr28;2023-06-02 14:36:12
drive_term_cr87;2023-06-02 15:18:26
drive_term_cr78;2023-06-02 16:03:22
drive_term_cr72;2023-06-02 17:18:59
drive_term_cr49;2023-06-02 18:32:32
drive_term_cr23;2023-06-05 11:13:16
drive_term_cr111;2023-06-05 13:33:48
drive_term_cr110;2023-06-05 15:17:56
drive_term_cr79;2023-06-05 15:28:42
drive_term_cr88;2023-06-05 15:38:13
drive_term_cr73;2023-06-05 16:09:32
drive_term_cr46;2023-06-06 07:41:47
drive_term_cr83;2023-06-06 09:13:55
drive_term_cr81;2023-06-06 09:17:18
drive_term_cr105;2023-06-06 10:41:16
drive_term_cr104;2023-06-06 10:44:34
drive_term_cr74;2023-06-06 10:45:39
drive_term_cr96;2023-06-06 10:54:16
drive_term_cr117;2023-06-06 13:12:34
drive_term_cr75;2023-06-06 14:43:56
drive_term_cr55;2023-06-06 15:00:02
drive_term_cr94;2023-06-06 15:06:54
drive_term_cr53;2023-06-06 17:08:57
drive_term_cr103;2023-06-07 07:40:31
drive_term_cr62;2023-06-07 08:44:25
drive_term_cr115;2023-06-07 09:17:22
drive_term_cr112;2023-06-07 09:53:29
drive_term_cr91;2023-06-07 11:26:21
drive_term_cr116;2023-06-07 14:40:27
drive_term_cr92;2023-06-07 14:43:07
drive_term_cr56;2023-06-07 14:44:31
drive_term_cr71;2023-06-07 14:54:19
drive_term_cr60;2023-06-07 14:56:48
drive_term_cr54;2023-06-07 15:34:55
drive_term_cr118;2023-06-08 07:44:06
drive_term_cr161;2023-06-08 08:08:38
drive_term_cr97;2023-06-08 08:44:07
drive_term_cr36;2023-06-08 09:01:51
drive_term_cr63;2023-06-08 09:16:17
drive_term_cr132;2023-06-08 09:36:27
drive_term_cr108;2023-06-08 14:40:15
drive_term_cr125;2023-06-08 14:50:55
drive_term_cr124;2023-06-08 15:21:18
drive_term_cr138;2023-06-08 16:14:29
drive_term_cr99;2023-06-08 16:32:03
drive_term_cr76;2023-06-08 16:34:51
drive_term_cr107;2023-06-08 16:35:09
drive_term_cr140;2023-06-09 09:25:24
drive_term_cr137;2023-06-09 10:55:08
drive_term_cr44;2023-06-09 11:02:37
drive_term_cr109;2023-06-09 11:13:20
drive_term_cr134;2023-06-09 11:21:50
drive_term_cr65;2023-06-09 13:18:59
drive_term_cr12;2023-06-09 14:15:52
drive_term_cr100;2023-06-09 16:49:13
drive_term_cr168;2023-06-09 18:04:23
drive_term_cr157;2023-06-09 18:29:00
drive_term_cr106;2023-06-12 07:59:51
drive_term_cr170;2023-06-12 08:09:36
drive_term_cr70;2023-06-12 09:48:35
drive_term_cr102;2023-06-12 10:17:33
drive_term_cr162;2023-06-12 10:52:27
drive_term_cr131;2023-06-12 11:39:06
drive_term_cr158;2023-06-12 12:35:52
drive_term_cr177;2023-06-12 14:17:26
drive_term_cr114;2023-06-12 17:12:18
drive_term_cr148;2023-06-13 07:32:55
drive_term_cr189;2023-06-13 07:55:09
drive_term_cr119;2023-06-13 09:06:51
drive_term_cr208;2023-06-13 10:10:03
drive_term_cr155;2023-06-13 10:12:19
drive_term_cr188;2023-06-13 14:49:06
drive_term_cr95;2023-06-13 14:53:37
drive_term_cr165;2023-06-13 14:57:27
drive_term_cr90;2023-06-13 14:58:39
drive_term_cr130;2023-06-13 15:51:20
drive_term_cr191;2023-06-13 16:03:01
drive_term_cr169;2023-06-14 09:38:44
drive_term_cr209;2023-06-14 09:56:32
drive_term_cr150;2023-06-14 10:53:10
drive_term_cr163;2023-06-14 10:58:36
drive_term_cr207;2023-06-14 11:09:33
drive_term_cr147;2023-06-15 08:49:08
drive_term_cr159;2023-06-15 09:47:03
drive_term_cr171;2023-06-15 10:34:31
drive_term_cr184;2023-06-15 11:38:26
drive_term_cr143;2023-06-15 13:31:40
drive_term_cr122;2023-06-15 13:51:24
drive_term_cr193;2023-06-15 13:51:34
drive_term_cr204;2023-06-15 13:53:43
drive_term_cr154;2023-06-15 17:08:16
drive_term_cr225;2023-06-15 18:56:08
drive_term_cr175;2023-06-16 07:15:11
drive_term_cr205;2023-06-16 07:41:01
drive_term_cr186;2023-06-16 09:46:58
drive_term_cr176;2023-06-16 10:49:06
drive_term_cr199;2023-06-16 11:20:08
drive_term_cr198;2023-06-16 11:44:24
drive_term_cr214;2023-06-16 11:45:48
drive_term_cr228;2023-06-16 13:26:43
drive_term_cr156;2023-06-16 13:46:15
drive_term_cr187;2023-06-16 14:40:22
drive_term_cr133;2023-06-19 08:44:20
drive_term_cr178;2023-06-19 09:01:33
drive_term_cr127;2023-06-19 09:16:07
drive_term_cr200;2023-06-19 11:08:36
drive_term_cr120;2023-06-19 13:50:52
drive_term_cr224;2023-06-19 15:29:39
drive_term_cr266;2023-06-19 15:31:51
drive_term_cr146;2023-06-19 15:37:57
drive_term_cr180;2023-06-19 15:53:39
drive_term_cr185;2023-06-19 18:19:55
drive_term_cr173;2023-06-20 07:49:31
drive_term_cr151;2023-06-20 09:35:30
drive_term_cr160;2023-06-20 09:37:48
drive_term_cr234;2023-06-20 10:03:41
drive_term_cr164;2023-06-20 10:24:55
drive_term_cr219;2023-06-20 10:39:39
drive_term_cr68;2023-06-20 10:54:31
drive_term_cr237;2023-06-20 13:47:40
drive_term_cr258;2023-06-20 14:12:51
drive_term_cr268;2023-06-20 14:28:29
drive_term_cr129;2023-06-20 14:45:59
drive_term_cr210;2023-06-20 14:47:36
drive_term_cr240;2023-06-20 16:46:41
drive_term_cr93;2023-06-20 17:14:52
drive_term_cr232;2023-06-20 17:29:25
drive_term_cr267;2023-06-21 07:47:02
drive_term_cr221;2023-06-21 07:54:30
drive_term_cr260;2023-06-21 09:06:17
drive_term_cr202;2023-06-21 10:10:12
drive_term_cr183;2023-06-21 11:36:16
drive_term_cr257;2023-06-21 13:13:49
drive_term_cr255;2023-06-21 14:11:14
drive_term_cr259;2023-06-21 16:01:42
drive_term_cr101;2023-06-22 07:26:23
drive_term_cr304;2023-06-22 07:39:11
drive_term_cr223;2023-06-22 08:12:03
drive_term_cr194;2023-06-22 08:20:47
drive_term_cr213;2023-06-22 08:40:29
drive_term_cr167;2023-06-22 09:01:05
drive_term_cr59;2023-06-22 13:42:45
drive_term_cr246;2023-06-22 14:13:45
drive_term_cr270;2023-06-22 14:36:47
drive_term_cr182;2023-06-22 14:38:55
drive_term_cr126;2023-06-22 14:40:29
drive_term_cr251;2023-06-22 14:48:21
drive_term_cr190;2023-06-22 15:55:00
drive_term_cr136;2023-06-22 16:53:47
drive_term_cr321;2023-06-22 16:56:34
drive_term_cr179;2023-06-22 17:14:07
drive_term_cr181;2023-06-23 09:06:50
drive_term_cr113;2023-06-23 09:13:11
drive_term_cr216;2023-06-23 09:22:31
drive_term_cr231;2023-06-23 09:45:15
drive_term_cr306;2023-06-23 09:58:46
drive_term_cr252;2023-06-23 10:18:25
drive_term_cr98;2023-06-23 14:41:08
drive_term_cr318;2023-06-23 14:47:10
drive_term_cr230;2023-06-23 14:53:54
drive_term_cr347;2023-06-23 14:55:45
drive_term_cr196;2023-06-23 15:00:12
drive_term_cr174;2023-06-23 16:01:09
drive_term_cr201;2023-06-26 09:32:41
drive_term_cr278;2023-06-26 10:09:35
drive_term_cr279;2023-06-26 11:06:32
drive_term_cr323;2023-06-26 11:28:01
drive_term_cr300;2023-06-26 11:33:01
drive_term_cr264;2023-06-26 11:38:05
drive_term_cr301;2023-06-26 11:42:29
drive_term_cr322;2023-06-26 13:47:02
drive_term_cr311;2023-06-26 16:57:59
drive_term_cr354;2023-06-26 16:59:38
drive_term_cr269;2023-06-27 07:27:25
drive_term_cr242;2023-06-27 09:19:31
drive_term_cr254;2023-06-27 09:31:42
drive_term_cr281;2023-06-27 09:57:12
drive_term_cr299;2023-06-27 11:21:26
drive_term_cr253;2023-06-27 11:31:47
drive_term_cr229;2023-06-27 11:42:40
drive_term_cr286;2023-06-27 13:27:02
drive_term_cr330;2023-06-27 13:55:00
drive_term_cr309;2023-06-27 14:37:33
drive_term_cr349;2023-06-27 14:49:12
drive_term_cr195;2023-06-27 15:46:56
drive_term_cr153;2023-06-27 15:49:58
drive_term_cr308;2023-06-27 16:27:55
drive_term_cr282;2023-06-28 07:23:30
drive_term_cr371;2023-06-28 09:20:56
drive_term_cr298;2023-06-28 09:28:07
drive_term_cr139;2023-06-28 09:35:14
drive_term_cr310;2023-06-28 09:43:49
drive_term_cr89;2023-06-28 09:58:23
drive_term_cr352;2023-06-28 10:58:54
drive_term_cr365;2023-06-28 11:53:32
drive_term_cr357;2023-06-28 13:52:14
drive_term_cr355;2023-06-28 14:39:19
drive_term_cr256;2023-06-28 14:47:12
drive_term_cr329;2023-06-28 14:59:20
drive_term_cr283;2023-06-28 15:35:06
drive_term_cr297;2023-06-28 15:48:12
drive_term_cr245;2023-06-28 16:05:48
drive_term_cr271;2023-06-28 16:36:35
drive_term_cr295;2023-06-28 16:55:51
drive_term_cr142;2023-06-28 19:00:41
drive_term_cr340;2023-06-29 08:11:06
drive_term_cr337;2023-06-29 09:13:10
drive_term_cr218;2023-06-29 09:27:19
drive_term_cr405;2023-06-29 09:27:31
drive_term_cr203;2023-06-29 09:56:22
drive_term_cr235;2023-06-29 10:08:21
drive_term_cr197;2023-06-29 10:41:44
drive_term_cr333;2023-06-29 11:13:22
drive_term_cr392;2023-06-29 14:57:17
drive_term_cr296;2023-06-29 14:59:58
drive_term_cr396;2023-06-29 15:09:02
drive_term_cr362;2023-06-29 15:45:05
drive_term_cr368;2023-06-29 15:53:33
drive_term_cr215;2023-06-29 15:59:22
drive_term_cr319;2023-06-29 16:51:10
drive_term_cr238;2023-06-29 16:54:55
drive_term_cr331;2023-06-29 19:16:23
drive_term_cr353;2023-06-30 11:41:09
drive_term_cr375;2023-06-30 11:49:29
drive_term_cr328;2023-06-30 11:56:44
drive_term_cr305;2023-06-30 14:45:19
drive_term_cr272;2023-06-30 14:51:48
drive_term_cr307;2023-06-30 15:08:43
drive_term_cr288;2023-06-30 15:51:34
drive_term_cr373;2023-07-03 09:08:46
drive_term_cr262;2023-07-03 13:30:28
drive_term_cr233;2023-07-03 15:48:43
drive_term_cr397;2023-07-03 16:46:36
drive_term_cr273;2023-07-03 17:00:03
drive_term_cr292;2023-07-04 08:56:25
drive_term_cr316;2023-07-04 11:02:41
drive_term_cr327;2023-07-04 14:18:58
drive_term_cr391;2023-07-04 14:24:36
drive_term_cr376;2023-07-04 14:31:35
drive_term_cr345;2023-07-04 18:30:15
drive_term_cr141;2023-07-05 09:14:46
drive_term_cr220;2023-07-05 09:40:17
drive_term_cr145;2023-07-05 09:41:52
drive_term_cr239;2023-07-05 09:48:35
drive_term_cr135;2023-07-05 10:50:02
drive_term_cr338;2023-07-05 11:30:10
drive_term_cr285;2023-07-05 11:54:11
drive_term_cr14;2023-07-06 08:41:38
drive_term_cr360;2023-07-06 08:43:53
drive_term_cr445;2023-07-06 08:56:56
drive_term_cr452;2023-07-06 08:58:12
drive_term_cr464;2023-07-06 09:19:52
drive_term_cr394;2023-07-06 10:17:59
drive_term_cr403;2023-07-06 14:24:02
drive_term_cr217;2023-07-06 15:58:28
drive_term_cr280;2023-07-06 16:13:09
drive_term_cr410;2023-07-06 16:39:56
drive_term_cr399;2023-07-06 17:31:26
drive_term_cr289;2023-07-06 18:27:22
drive_term_cr462;2023-07-07 08:34:03
drive_term_cr440;2023-07-07 15:14:45
drive_term_cr350;2023-07-07 15:24:34
drive_term_cr358;2023-07-10 07:16:04
drive_term_cr436;2023-07-10 07:42:28
drive_term_cr433;2023-07-10 10:25:54
drive_term_cr457;2023-07-10 11:09:42
drive_term_cr478;2023-07-10 11:55:22
drive_term_cr172;2023-07-10 12:08:34
drive_term_cr451;2023-07-10 16:03:53
drive_term_cr418;2023-07-10 16:29:29
drive_term_cr361;2023-07-10 16:56:51
drive_term_cr325;2023-07-11 08:09:19
drive_term_cr314;2023-07-11 08:38:25
drive_term_cr501;2023-07-11 11:45:35
drive_term_cr275;2023-07-11 15:12:55
drive_term_cr192;2023-07-11 15:35:16
drive_term_cr485;2023-07-11 15:51:37
drive_term_cr469;2023-07-11 15:56:33
drive_term_cr374;2023-07-11 17:29:31
drive_term_cr430;2023-07-12 09:08:47
drive_term_cr504;2023-07-12 10:13:03
drive_term_cr263;2023-07-12 10:23:55
drive_term_cr505;2023-07-12 12:33:40
drive_term_cr293;2023-07-12 14:18:28
drive_term_cr467;2023-07-12 14:26:09
drive_term_cr343;2023-07-12 14:44:45
drive_term_cr386;2023-07-12 16:01:47
drive_term_cr369;2023-07-12 16:04:48
drive_term_cr483;2023-07-12 16:50:08
drive_term_cr346;2023-07-12 17:02:14
drive_term_cr227;2023-07-13 07:37:23
drive_term_cr226;2023-07-13 08:07:54
drive_term_cr320;2023-07-13 09:43:05
drive_term_cr556;2023-07-13 09:43:57
drive_term_cr511;2023-07-13 14:39:55
drive_term_cr479;2023-07-13 14:44:14
drive_term_cr236;2023-07-13 15:30:27
drive_term_cr291;2023-07-13 15:55:03
drive_term_cr530;2023-07-13 16:42:27
drive_term_cr380;2023-07-14 11:30:57
drive_term_cr477;2023-07-14 11:57:18
drive_term_cr456;2023-07-14 13:31:13
drive_term_cr144;2023-07-14 13:33:53
drive_term_cr447;2023-07-14 13:35:26
drive_term_cr512;2023-07-14 13:35:58
drive_term_cr379;2023-07-14 16:50:32
drive_term_cr571;2023-07-17 07:03:27
drive_term_cr432;2023-07-17 11:29:11
drive_term_cr442;2023-07-17 11:56:44
drive_term_cr402;2023-07-17 14:01:17
drive_term_cr378;2023-07-17 14:03:20
drive_term_cr222;2023-07-18 08:05:37
drive_term_cr385;2023-07-18 08:59:51
drive_term_cr387;2023-07-18 10:10:31
drive_term_cr441;2023-07-18 10:12:06
drive_term_cr487;2023-07-18 11:11:57
drive_term_cr407;2023-07-18 13:33:04
drive_term_cr315;2023-07-18 16:53:18
drive_term_cr450;2023-07-18 16:53:33
drive_term_cr416;2023-07-19 07:50:33
drive_term_cr265;2023-07-19 08:49:18
drive_term_cr518;2023-07-19 11:24:39
drive_term_cr393;2023-07-19 14:17:28
drive_term_cr412;2023-07-19 14:22:04
drive_term_cr548;2023-07-19 14:26:09
drive_term_cr454;2023-07-19 14:31:08
drive_term_cr458;2023-07-19 15:03:54
drive_term_cr434;2023-07-19 15:28:23
drive_term_cr494;2023-07-19 16:57:30
drive_term_cr390;2023-07-20 07:35:47
drive_term_cr274;2023-07-20 09:25:08
drive_term_cr612;2023-07-20 10:41:17
drive_term_cr294;2023-07-20 11:30:29
drive_term_cr261;2023-07-20 14:55:42
drive_term_cr417;2023-07-20 15:11:47
drive_term_cr431;2023-07-20 16:44:27
drive_term_cr463;2023-07-20 16:47:37
drive_term_cr414;2023-07-20 16:56:06
drive_term_cr484;2023-07-21 07:45:21
drive_term_cr383;2023-07-21 07:52:46
drive_term_cr550;2023-07-21 09:02:05
drive_term_cr646;2023-07-21 11:58:15
drive_term_cr420;2023-07-21 14:52:35
drive_term_cr86;2023-07-21 16:33:18
drive_term_cr471;2023-07-21 18:48:10
drive_term_cr443;2023-07-24 07:08:43
drive_term_cr514;2023-07-24 08:23:48
drive_term_cr243;2023-07-24 09:15:21
drive_term_cr473;2023-07-24 13:46:23
drive_term_cr592;2023-07-24 13:52:25
drive_term_cr580;2023-07-24 14:04:06
drive_term_cr545;2023-07-24 14:17:33
drive_term_cr605;2023-07-24 14:27:16
drive_term_cr250;2023-07-24 15:52:50
drive_term_cr624;2023-07-25 10:50:25
drive_term_cr334;2023-07-25 10:56:37
drive_term_cr248;2023-07-25 14:50:11
drive_term_cr388;2023-07-25 15:02:31
drive_term_cr537;2023-07-25 15:03:48
drive_term_cr419;2023-07-25 15:54:36
drive_term_cr517;2023-07-25 16:54:04
drive_term_cr599;2023-07-25 16:56:20
drive_term_cr476;2023-07-26 07:31:44
drive_term_cr212;2023-07-26 07:52:00
drive_term_cr486;2023-07-26 10:15:49
drive_term_cr529;2023-07-26 12:10:03
drive_term_cr572;2023-07-26 12:18:02
drive_term_cr651;2023-07-26 15:25:22
drive_term_cr616;2023-07-26 15:47:35
drive_term_cr455;2023-07-26 16:16:40
drive_term_cr554;2023-07-26 16:30:25
drive_term_cr640;2023-07-26 16:37:17
drive_term_cr564;2023-07-26 16:49:49
drive_term_cr628;2023-07-27 07:48:59
drive_term_cr422;2023-07-27 10:38:53
drive_term_cr249;2023-07-27 11:50:14
drive_term_cr241;2023-07-27 12:55:04
drive_term_cr149;2023-07-27 13:51:55
drive_term_cr435;2023-07-27 14:32:40
drive_term_cr566;2023-07-27 14:58:28
drive_term_cr561;2023-07-27 15:07:56
drive_term_cr600;2023-07-27 15:55:47
drive_term_cr695;2023-07-27 16:46:51
drive_term_cr531;2023-07-28 09:43:38
drive_term_cr498;2023-07-28 09:48:03
drive_term_cr438;2023-07-28 11:11:53
drive_term_cr472;2023-07-28 11:23:18
drive_term_cr619;2023-07-28 12:21:40
drive_term_cr713;2023-07-28 15:44:26
drive_term_cr166;2023-07-28 15:44:37
drive_term_cr676;2023-07-28 15:54:40
drive_term_cr503;2023-07-28 16:42:40
drive_term_cr128;2023-07-28 19:27:40
drive_term_cr631;2023-07-31 10:47:40
drive_term_cr684;2023-07-31 13:36:43
drive_term_cr398;2023-07-31 14:45:14
drive_term_cr538;2023-07-31 15:11:23
drive_term_cr630;2023-07-31 15:13:15
drive_term_cr643;2023-07-31 15:25:14
drive_term_cr665;2023-07-31 16:55:42
drive_term_cr590;2023-07-31 16:58:47
drive_term_cr461;2023-08-01 09:29:30
drive_term_cr152;2023-08-01 09:31:21
drive_term_cr563;2023-08-01 10:45:15
drive_term_cr404;2023-08-01 13:38:34
drive_term_cr367;2023-08-01 13:56:01
drive_term_cr121;2023-08-01 16:44:43
drive_term_cr377;2023-08-01 18:58:21
drive_term_cr559;2023-08-02 08:35:25
drive_term_cr588;2023-08-02 08:58:49
drive_term_cr474;2023-08-02 12:19:27
drive_term_cr693;2023-08-02 13:39:56
drive_term_cr446;2023-08-02 18:08:22
drive_term_cr427;2023-08-02 18:24:46
drive_term_cr666;2023-08-03 08:25:48
drive_term_cr448;2023-08-03 08:26:54
drive_term_cr687;2023-08-03 08:36:11
drive_term_cr675;2023-08-03 10:09:49
drive_term_cr633;2023-08-03 17:13:14
drive_term_cr523;2023-08-04 11:05:16
drive_term_cr211;2023-08-04 16:10:06
drive_term_cr647;2023-08-04 18:01:44
drive_term_cr658;2023-08-07 07:32:31
drive_term_cr617;2023-08-07 09:24:35
drive_term_cr727;2023-08-07 10:28:15
drive_term_cr637;2023-08-07 11:00:49
drive_term_cr650;2023-08-07 15:58:57
drive_term_cr736;2023-08-08 09:48:25
drive_term_cr534;2023-08-08 09:57:29
drive_term_cr372;2023-08-08 10:09:45
drive_term_cr576;2023-08-08 10:11:19
drive_term_cr382;2023-08-08 11:08:19
drive_term_cr657;2023-08-08 12:08:28
drive_term_cr698;2023-08-09 09:13:27
drive_term_cr712;2023-08-09 10:07:17
drive_term_cr810;2023-08-09 10:23:03
drive_term_cr437;2023-08-09 11:20:50
drive_term_cr817;2023-08-09 12:33:40
drive_term_cr765;2023-08-09 14:14:08
drive_term_cr653;2023-08-09 15:59:46
drive_term_cr689;2023-08-10 10:28:03
drive_term_cr737;2023-08-10 10:34:43
drive_term_cr468;2023-08-10 12:18:38
drive_term_cr348;2023-08-10 15:28:47
drive_term_cr426;2023-08-10 15:46:17
drive_term_cr638;2023-08-10 15:52:12
drive_term_cr506;2023-08-11 08:22:17
drive_term_cr626;2023-08-11 09:29:10
drive_term_cr679;2023-08-11 14:53:05
drive_term_cr773;2023-08-11 15:15:19
drive_term_cr595;2023-08-11 15:57:17
drive_term_cr453;2023-08-11 16:20:03
drive_term_cr659;2023-08-11 17:23:09
drive_term_cr790;2023-08-14 11:33:24
drive_term_cr496;2023-08-14 13:55:07
drive_term_cr783;2023-08-14 14:24:54
drive_term_cr562;2023-08-14 16:06:37
drive_term_cr359;2023-08-15 08:26:57
drive_term_cr841;2023-08-15 09:04:50
drive_term_cr540;2023-08-15 09:20:05
drive_term_cr656;2023-08-15 10:12:12
drive_term_cr882;2023-08-15 14:55:00
drive_term_cr408;2023-08-15 14:56:34
drive_term_cr788;2023-08-15 15:04:05
drive_term_cr700;2023-08-15 16:11:16
drive_term_cr247;2023-08-15 17:21:19
drive_term_cr335;2023-08-15 19:08:58
drive_term_cr816;2023-08-16 13:53:30
drive_term_cr860;2023-08-17 08:27:05
drive_term_cr830;2023-08-17 10:16:56
drive_term_cr826;2023-08-17 12:08:55
drive_term_cr730;2023-08-17 12:13:23
drive_term_cr796;2023-08-17 14:44:20
drive_term_cr792;2023-08-18 10:07:39
drive_term_cr533;2023-08-18 10:15:57
drive_term_cr741;2023-08-18 11:12:42
drive_term_cr668;2023-08-18 11:31:45
drive_term_cr342;2023-08-18 13:59:39
drive_term_cr894;2023-08-18 14:03:36
drive_term_cr696;2023-08-21 08:20:15
drive_term_cr751;2023-08-21 09:13:35
drive_term_cr694;2023-08-21 09:15:09
drive_term_cr746;2023-08-21 10:05:59
drive_term_cr880;2023-08-21 10:09:09
drive_term_cr667;2023-08-21 11:22:48
drive_term_cr581;2023-08-21 14:23:44
drive_term_cr914;2023-08-22 11:42:01
drive_term_cr918;2023-08-22 11:57:55
drive_term_cr597;2023-08-22 12:05:17
drive_term_cr760;2023-08-22 13:28:09
drive_term_cr584;2023-08-22 15:29:35
drive_term_cr715;2023-08-22 18:47:13
drive_term_cr663;2023-08-23 08:31:27
drive_term_cr855;2023-08-23 10:41:26
drive_term_cr872;2023-08-23 11:09:08
drive_term_cr849;2023-08-23 11:10:55
drive_term_cr389;2023-08-23 13:40:21
drive_term_cr652;2023-08-23 13:45:41
drive_term_cr406;2023-08-23 14:08:56
drive_term_cr475;2023-08-23 18:07:14
drive_term_cr509;2023-08-24 08:36:45
drive_term_cr876;2023-08-24 09:49:17
drive_term_cr636;2023-08-24 11:24:32
drive_term_cr627;2023-08-24 11:36:52
drive_term_cr951;2023-08-24 12:18:33
drive_term_cr541;2023-08-24 14:31:32
drive_term_cr557;2023-08-24 16:19:00
drive_term_cr589;2023-08-24 17:07:52
drive_term_cr976;2023-08-25 09:41:26
drive_term_cr847;2023-08-25 11:06:49
drive_term_cr927;2023-08-25 11:48:23
drive_term_cr516;2023-08-25 13:41:48
drive_term_cr974;2023-08-25 15:46:36
drive_term_cr862;2023-08-25 17:34:23
drive_term_cr867;2023-08-25 17:41:16
drive_term_cr508;2023-08-28 07:56:43
drive_term_cr845;2023-08-28 10:49:26
drive_term_cr832;2023-08-28 16:48:19
drive_term_cr728;2023-08-29 09:22:44
drive_term_cr724;2023-08-29 09:37:58
drive_term_cr495;2023-08-29 09:39:40
drive_term_cr840;2023-08-29 09:57:03
drive_term_cr756;2023-08-29 15:38:04
drive_term_cr686;2023-08-29 17:19:03
drive_term_cr994;2023-08-29 17:22:28
drive_term_cr719;2023-08-30 08:14:32
drive_term_cr929;2023-08-30 09:20:29
drive_term_cr644;2023-08-30 10:08:43
drive_term_cr861;2023-08-30 10:11:01
drive_term_cr989;2023-08-30 11:50:06
drive_term_cr424;2023-08-30 15:44:53
drive_term_cr620;2023-08-31 10:26:31
drive_term_cr526;2023-08-31 11:04:21
drive_term_cr825;2023-08-31 11:23:34
drive_term_cr888;2023-08-31 11:30:01
drive_term_cr702;2023-08-31 12:19:38
drive_term_cr543;2023-08-31 15:51:41
drive_term_cr846;2023-08-31 15:53:13
drive_term_cr986;2023-09-01 09:28:46
drive_term_cr1048;2023-09-01 09:39:12
drive_term_cr413;2023-09-01 09:44:33
drive_term_cr1003;2023-09-01 10:13:31
drive_term_cr987;2023-09-01 10:29:52
drive_term_cr575;2023-09-01 10:33:29
drive_term_cr670;2023-09-01 11:11:57
drive_term_cr324;2023-09-01 13:50:35
drive_term_cr732;2023-09-01 13:58:41
drive_term_cr708;2023-09-01 15:31:03
drive_term_cr363;2023-09-01 15:44:18
drive_term_cr381;2023-09-04 09:05:22
drive_term_cr1035;2023-09-04 09:22:16
drive_term_cr522;2023-09-04 09:53:16
drive_term_cr943;2023-09-04 09:53:26
drive_term_cr591;2023-09-04 11:13:33
drive_term_cr674;2023-09-04 11:30:55
drive_term_cr821;2023-09-04 14:52:32
drive_term_cr1136;2023-09-04 14:56:30
drive_term_cr1108;2023-09-04 14:57:34
drive_term_cr690;2023-09-04 15:58:40
drive_term_cr910;2023-09-04 16:09:18
drive_term_cr935;2023-09-04 16:23:46
drive_term_cr1050;2023-09-04 16:31:38
drive_term_cr870;2023-09-05 10:37:00
drive_term_cr748;2023-09-05 11:12:51
drive_term_cr889;2023-09-05 11:17:43
drive_term_cr1085;2023-09-05 12:30:56
drive_term_cr480;2023-09-05 14:10:07
drive_term_cr755;2023-09-05 15:17:24
drive_term_cr1018;2023-09-05 15:45:21
drive_term_cr717;2023-09-05 16:59:43
drive_term_cr546;2023-09-05 17:49:00
drive_term_cr838;2023-09-05 17:54:00
drive_term_cr973;2023-09-05 18:24:33
drive_term_cr1094;2023-09-06 08:33:36
drive_term_cr513;2023-09-06 08:37:21
drive_term_cr911;2023-09-06 11:09:59
drive_term_cr749;2023-09-06 14:49:04
drive_term_cr524;2023-09-06 15:37:45
drive_term_cr942;2023-09-06 15:39:45
drive_term_cr1045;2023-09-06 15:47:30
drive_term_cr536;2023-09-06 16:32:10
drive_term_cr921;2023-09-06 16:45:11
drive_term_cr771;2023-09-06 17:12:08
drive_term_cr1017;2023-09-07 09:13:50
drive_term_cr276;2023-09-07 09:23:12
drive_term_cr995;2023-09-07 09:30:03
drive_term_cr1090;2023-09-07 09:41:28
drive_term_cr290;2023-09-07 11:16:35
drive_term_cr648;2023-09-07 11:29:14
drive_term_cr768;2023-09-07 11:33:16
drive_term_cr844;2023-09-07 11:38:22
drive_term_cr492;2023-09-07 11:52:26
drive_term_cr742;2023-09-07 11:59:07
drive_term_cr1115;2023-09-07 15:37:23
drive_term_cr793;2023-09-07 15:39:35
drive_term_cr1033;2023-09-07 15:42:53
drive_term_cr1203;2023-09-07 15:48:52
drive_term_cr877;2023-09-07 16:57:51
drive_term_cr699;2023-09-07 19:43:22
drive_term_cr991;2023-09-08 08:21:03
drive_term_cr716;2023-09-08 11:11:29
drive_term_cr1046;2023-09-08 11:58:32
drive_term_cr970;2023-09-08 14:00:06
drive_term_cr1065;2023-09-08 14:11:50
drive_term_cr567;2023-09-08 16:12:15
drive_term_cr842;2023-09-08 16:55:44
drive_term_cr1029;2023-09-08 17:04:25
drive_term_cr317;2023-09-08 17:45:56
drive_term_cr1183;2023-09-08 17:48:37
drive_term_cr1167;2023-09-08 17:52:32
drive_term_cr542;2023-09-11 09:45:20
drive_term_cr710;2023-09-11 10:12:28
drive_term_cr968;2023-09-11 11:52:08
drive_term_cr1122;2023-09-11 11:56:04
drive_term_cr1226;2023-09-11 11:57:37
drive_term_cr865;2023-09-11 11:59:25
drive_term_cr449;2023-09-11 13:53:38
drive_term_cr956;2023-09-11 14:04:13
drive_term_cr920;2023-09-11 15:18:36
drive_term_cr384;2023-09-11 17:48:44
drive_term_cr632;2023-09-12 14:18:38
drive_term_cr677;2023-09-12 14:42:47
drive_term_cr738;2023-09-12 14:49:33
drive_term_cr979;2023-09-12 14:51:01
drive_term_cr1020;2023-09-12 14:54:27
drive_term_cr598;2023-09-12 15:50:53
drive_term_cr801;2023-09-13 08:15:23
drive_term_cr1139;2023-09-13 09:37:15
drive_term_cr802;2023-09-13 10:34:28
drive_term_cr892;2023-09-13 11:18:58
drive_term_cr594;2023-09-13 11:25:22
drive_term_cr1034;2023-09-13 11:33:24
drive_term_cr1079;2023-09-13 14:37:45
drive_term_cr1195;2023-09-13 17:33:21
drive_term_cr969;2023-09-13 17:50:03
drive_term_cr886;2023-09-14 09:22:47
drive_term_cr1289;2023-09-14 09:25:38
drive_term_cr1072;2023-09-14 09:38:42
drive_term_cr863;2023-09-14 09:59:07
drive_term_cr809;2023-09-14 10:01:38
drive_term_cr1223;2023-09-14 10:23:22
drive_term_cr1180;2023-09-14 11:56:39
drive_term_cr703;2023-09-14 13:41:35
drive_term_cr896;2023-09-14 13:58:23
drive_term_cr753;2023-09-14 14:05:51
drive_term_cr1069;2023-09-14 14:10:46
drive_term_cr1134;2023-09-14 14:22:43
drive_term_cr1246;2023-09-14 14:29:11
drive_term_cr1059;2023-09-14 16:37:04
drive_term_cr1109;2023-09-15 10:28:44
drive_term_cr1086;2023-09-15 10:39:14
drive_term_cr791;2023-09-15 11:11:22
drive_term_cr1241;2023-09-15 11:59:45
drive_term_cr1110;2023-09-15 15:50:30
drive_term_cr1111;2023-09-15 16:15:04
drive_term_cr1041;2023-09-15 17:45:28
drive_term_cr750;2023-09-15 17:52:00
drive_term_cr873;2023-09-15 18:39:12
drive_term_cr1154;2023-09-18 07:47:25
drive_term_cr919;2023-09-18 11:29:57
drive_term_cr1142;2023-09-18 11:32:05
drive_term_cr1030;2023-09-18 11:39:06
drive_term_cr704;2023-09-18 15:10:53
drive_term_cr336;2023-09-18 16:21:31
drive_term_cr1070;2023-09-18 16:43:14
drive_term_cr1232;2023-09-19 07:53:57
drive_term_cr642;2023-09-19 08:20:52
drive_term_cr744;2023-09-19 08:30:04
drive_term_cr949;2023-09-19 10:14:43
drive_term_cr1221;2023-09-19 10:35:55
drive_term_cr782;2023-09-19 10:42:27
drive_term_cr1100;2023-09-19 10:53:30
drive_term_cr866;2023-09-19 11:24:44
drive_term_cr769;2023-09-19 11:26:00
drive_term_cr1266;2023-09-19 12:08:09
drive_term_cr277;2023-09-19 15:33:03
drive_term_cr1099;2023-09-19 15:33:30
drive_term_cr1272;2023-09-19 15:43:35
drive_term_cr1068;2023-09-19 16:46:32
drive_term_cr1294;2023-09-19 16:48:24
drive_term_cr718;2023-09-19 16:55:38
drive_term_cr944;2023-09-20 08:29:27
drive_term_cr1024;2023-09-20 08:46:14
drive_term_cr904;2023-09-20 09:44:45
drive_term_cr767;2023-09-20 09:51:56
drive_term_cr1143;2023-09-20 09:55:11
drive_term_cr1313;2023-09-20 09:57:49
drive_term_cr781;2023-09-20 11:11:12
drive_term_cr881;2023-09-20 13:22:47
drive_term_cr871;2023-09-20 15:05:02
drive_term_cr1146;2023-09-20 15:39:59
drive_term_cr604;2023-09-20 16:07:57
drive_term_cr971;2023-09-21 08:28:44
drive_term_cr743;2023-09-21 08:43:08
drive_term_cr1240;2023-09-21 10:36:24
drive_term_cr980;2023-09-21 11:55:12
drive_term_cr1080;2023-09-21 12:00:07
drive_term_cr1062;2023-09-21 12:15:40
drive_term_cr906;2023-09-21 12:35:19
drive_term_cr491;2023-09-21 14:53:00
drive_term_cr568;2023-09-21 15:28:28
drive_term_cr621;2023-09-21 16:03:30
drive_term_cr1208;2023-09-21 16:07:13
drive_term_cr733;2023-09-21 16:13:56
drive_term_cr805;2023-09-21 16:59:49
drive_term_cr1102;2023-09-21 17:47:51
drive_term_cr787;2023-09-22 09:49:49
drive_term_cr587;2023-09-22 10:32:30
drive_term_cr1196;2023-09-22 10:46:51
drive_term_cr740;2023-09-22 11:20:55
drive_term_cr1055;2023-09-22 11:30:39
drive_term_cr1000;2023-09-22 11:36:56
drive_term_cr933;2023-09-22 12:04:39
drive_term_cr722;2023-09-22 13:18:20
drive_term_cr1092;2023-09-22 15:57:15
drive_term_cr1332;2023-09-22 18:38:29
drive_term_cr364;2023-09-25 07:23:28
drive_term_cr1140;2023-09-25 09:00:42
drive_term_cr1219;2023-09-25 09:38:11
drive_term_cr789;2023-09-25 09:46:49
drive_term_cr547;2023-09-25 09:57:43
drive_term_cr981;2023-09-25 10:22:21
drive_term_cr1362;2023-09-25 10:58:03
drive_term_cr1051;2023-09-25 14:58:24
drive_term_cr901;2023-09-25 15:25:56
drive_term_cr1076;2023-09-25 16:09:56
drive_term_cr356;2023-09-25 16:45:50
drive_term_cr313;2023-09-25 17:54:01
drive_term_cr502;2023-09-25 17:59:47
drive_term_cr341;2023-09-25 18:16:01
drive_term_cr1130;2023-09-26 07:51:19
drive_term_cr411;2023-09-26 07:51:48
drive_term_cr1291;2023-09-26 08:13:25
drive_term_cr1078;2023-09-26 09:59:43
drive_term_cr1237;2023-09-26 11:05:48
drive_term_cr425;2023-09-26 13:28:18
drive_term_cr806;2023-09-26 13:59:32
drive_term_cr1144;2023-09-26 16:18:04
drive_term_cr1310;2023-09-26 16:26:17
drive_term_cr999;2023-09-26 16:34:29
drive_term_cr1141;2023-09-26 16:38:12
drive_term_cr614;2023-09-26 16:46:33
drive_term_cr1137;2023-09-26 19:04:04
drive_term_cr521;2023-09-27 11:25:31
drive_term_cr1179;2023-09-27 11:35:25
drive_term_cr800;2023-09-27 11:55:49
drive_term_cr1101;2023-09-27 13:38:14
drive_term_cr1264;2023-09-27 14:08:52
drive_term_cr1027;2023-09-27 18:05:52
drive_term_cr887;2023-09-27 18:29:05
drive_term_cr893;2023-09-27 18:30:19
drive_term_cr823;2023-09-28 08:16:55
drive_term_cr723;2023-09-28 08:17:00
drive_term_cr1119;2023-09-28 08:31:33
drive_term_cr1352;2023-09-28 11:05:49
drive_term_cr1148;2023-09-28 11:12:01
drive_term_cr351;2023-09-28 11:50:18
drive_term_cr1082;2023-09-28 12:05:29
drive_term_cr1052;2023-09-28 13:34:18
drive_term_cr1019;2023-09-28 13:53:03
drive_term_cr1248;2023-09-28 13:57:49
drive_term_cr606;2023-09-28 14:16:08
drive_term_cr395;2023-09-28 17:53:38
drive_term_cr1025;2023-09-29 10:14:27
drive_term_cr519;2023-09-29 11:12:11
drive_term_cr761;2023-09-29 11:15:14
drive_term_cr965;2023-09-29 11:51:48
drive_term_cr915;2023-09-29 11:52:13
drive_term_cr856;2023-09-29 13:15:41
drive_term_cr1393;2023-09-29 13:45:57
drive_term_cr1276;2023-09-29 17:01:46
drive_term_cr1415;2023-09-29 17:24:42
drive_term_cr610;2023-09-29 18:37:12
drive_term_cr1202;2023-10-02 08:01:47
drive_term_cr1026;2023-10-02 09:14:35
drive_term_cr459;2023-10-02 09:28:20
drive_term_cr1439;2023-10-02 09:47:41
drive_term_cr1337;2023-10-02 10:22:48
drive_term_cr1290;2023-10-02 11:14:27
drive_term_cr1278;2023-10-02 11:32:11
drive_term_cr1218;2023-10-02 11:55:22
drive_term_cr1132;2023-10-02 13:58:42
drive_term_cr1366;2023-10-02 15:38:28
drive_term_cr489;2023-10-02 15:54:39
drive_term_cr1323;2023-10-02 15:58:52
drive_term_cr1056;2023-10-02 17:03:21
drive_term_cr959;2023-10-03 09:16:16
drive_term_cr777;2023-10-03 09:55:51
drive_term_cr1057;2023-10-03 09:59:32
drive_term_cr332;2023-10-03 10:32:20
drive_term_cr1228;2023-10-03 11:01:50
drive_term_cr1451;2023-10-03 12:03:35
drive_term_cr303;2023-10-03 15:15:25
drive_term_cr739;2023-10-03 15:15:36
drive_term_cr622;2023-10-03 15:33:51
drive_term_cr705;2023-10-03 17:34:58
drive_term_cr848;2023-10-03 17:36:03
drive_term_cr1252;2023-10-03 17:44:31
drive_term_cr922;2023-10-03 17:56:02
drive_term_cr1172;2023-10-03 18:45:15
drive_term_cr1357;2023-10-04 07:54:26
drive_term_cr1336;2023-10-04 10:38:33
drive_term_cr645;2023-10-04 10:43:05
drive_term_cr1242;2023-10-04 10:44:34
drive_term_cr1158;2023-10-04 11:58:40
drive_term_cr1161;2023-10-04 12:13:02
drive_term_cr1464;2023-10-04 13:47:22
drive_term_cr1198;2023-10-04 15:09:29
drive_term_cr869;2023-10-04 15:46:34
drive_term_cr955;2023-10-04 16:53:59
drive_term_cr858;2023-10-04 17:11:46
drive_term_cr1312;2023-10-05 08:12:43
drive_term_cr1182;2023-10-05 09:08:53
drive_term_cr1007;2023-10-05 09:11:47
drive_term_cr900;2023-10-05 13:30:31
drive_term_cr972;2023-10-05 13:40:22
drive_term_cr444;2023-10-05 18:22:51
drive_term_cr953;2023-10-06 07:35:42
drive_term_cr634;2023-10-06 07:37:35
drive_term_cr1432;2023-10-06 08:31:32
drive_term_cr583;2023-10-06 09:01:59
drive_term_cr883;2023-10-06 10:37:51
drive_term_cr954;2023-10-06 14:51:47
drive_term_cr1152;2023-10-06 14:53:49
drive_term_cr1129;2023-10-06 14:58:11
drive_term_cr1342;2023-10-06 15:34:40
drive_term_cr1012;2023-10-06 15:37:55
drive_term_cr1093;2023-10-06 16:07:24
drive_term_cr1447;2023-10-09 09:35:09
drive_term_cr409;2023-10-09 09:41:06
drive_term_cr1385;2023-10-09 11:04:55
drive_term_cr1537;2023-10-09 11:08:04
drive_term_cr1267;2023-10-09 12:39:20
drive_term_cr1301;2023-10-09 14:57:32
drive_term_cr1420;2023-10-09 15:53:04
drive_term_cr1490;2023-10-09 16:01:23
drive_term_cr1023;2023-10-09 16:34:19
drive_term_cr1435;2023-10-09 16:42:44
drive_term_cr754;2023-10-09 17:38:34
drive_term_cr1287;2023-10-10 10:31:15
drive_term_cr497;2023-10-10 10:51:23
drive_term_cr707;2023-10-10 11:59:43
drive_term_cr1159;2023-10-10 14:45:14
drive_term_cr1322;2023-10-10 15:55:17
drive_term_cr937;2023-10-10 16:01:54
drive_term_cr1551;2023-10-10 16:09:13
drive_term_cr1207;2023-10-11 08:24:29
drive_term_cr1083;2023-10-11 10:45:15
drive_term_cr1164;2023-10-11 10:47:55
drive_term_cr997;2023-10-11 10:48:55
drive_term_cr1077;2023-10-11 10:54:27
drive_term_cr1456;2023-10-11 12:02:38
drive_term_cr1341;2023-10-11 12:17:51
drive_term_cr1396;2023-10-11 15:04:21
drive_term_cr1484;2023-10-11 18:29:31
drive_term_cr1379;2023-10-11 18:49:53
drive_term_cr1300;2023-10-12 07:20:40
drive_term_cr939;2023-10-12 07:45:38
drive_term_cr1160;2023-10-12 07:51:24
drive_term_cr1233;2023-10-12 09:40:12
drive_term_cr1016;2023-10-12 09:55:04
drive_term_cr839;2023-10-12 10:36:26
drive_term_cr1525;2023-10-12 11:04:09
drive_term_cr1552;2023-10-12 11:15:57
drive_term_cr1261;2023-10-12 11:47:49
drive_term_cr1563;2023-10-12 11:50:27
drive_term_cr1477;2023-10-12 13:56:07
drive_term_cr1088;2023-10-12 14:42:02
drive_term_cr1380;2023-10-12 15:21:56
drive_term_cr466;2023-10-12 15:32:22
drive_term_cr1600;2023-10-12 15:51:22
drive_term_cr1326;2023-10-12 16:42:51
drive_term_cr818;2023-10-12 16:46:43
drive_term_cr615;2023-10-13 07:51:07
drive_term_cr1318;2023-10-13 09:56:57
drive_term_cr784;2023-10-13 10:09:03
drive_term_cr1127;2023-10-13 10:18:03
drive_term_cr1555;2023-10-13 10:37:38
drive_term_cr1049;2023-10-13 10:48:08
drive_term_cr1315;2023-10-13 11:17:14
drive_term_cr1245;2023-10-13 14:34:24
drive_term_cr940;2023-10-13 14:38:17
drive_term_cr1126;2023-10-13 14:44:01
drive_term_cr831;2023-10-13 16:04:06
drive_term_cr1583;2023-10-13 17:13:13
drive_term_cr549;2023-10-13 18:01:07
drive_term_cr1037;2023-10-13 18:28:24
drive_term_cr1200;2023-10-13 18:29:49
drive_term_cr772;2023-10-16 08:21:14
drive_term_cr500;2023-10-16 09:17:07
drive_term_cr558;2023-10-16 15:20:37
drive_term_cr1131;2023-10-16 15:23:01
drive_term_cr1253;2023-10-16 15:45:37
drive_term_cr423;2023-10-16 16:20:00
drive_term_cr1605;2023-10-16 16:42:41
drive_term_cr1453;2023-10-16 16:55:48
drive_term_cr635;2023-10-17 08:53:18
drive_term_cr1476;2023-10-17 09:25:27
drive_term_cr1286;2023-10-17 09:44:32
drive_term_cr1270;2023-10-17 09:46:39
drive_term_cr1431;2023-10-17 09:52:29
drive_term_cr1285;2023-10-17 10:38:23
drive_term_cr1071;2023-10-17 11:24:28
drive_term_cr1593;2023-10-17 13:39:33
drive_term_cr885;2023-10-17 13:54:14
drive_term_cr1441;2023-10-17 14:06:47
drive_term_cr1006;2023-10-17 14:40:28
drive_term_cr400;2023-10-17 14:41:09
drive_term_cr1170;2023-10-17 17:55:30
drive_term_cr1601;2023-10-17 18:27:34
drive_term_cr1268;2023-10-18 07:35:19
drive_term_cr1619;2023-10-18 08:03:50
drive_term_cr1067;2023-10-18 09:01:40
drive_term_cr923;2023-10-18 10:16:04
drive_term_cr1010;2023-10-18 11:12:12
drive_term_cr975;2023-10-18 11:54:03
drive_term_cr1510;2023-10-18 13:53:32
drive_term_cr780;2023-10-18 14:13:43
drive_term_cr778;2023-10-18 14:21:33
drive_term_cr1529;2023-10-18 14:21:36
drive_term_cr1506;2023-10-18 14:35:23
drive_term_cr1500;2023-10-18 15:21:49
drive_term_cr1394;2023-10-19 10:08:08
drive_term_cr964;2023-10-19 11:44:48
drive_term_cr1058;2023-10-19 11:49:29
drive_term_cr1377;2023-10-19 11:50:07
drive_term_cr1556;2023-10-19 13:23:42
drive_term_cr726;2023-10-19 13:54:31
drive_term_cr1515;2023-10-19 14:02:17
drive_term_cr1457;2023-10-19 16:04:20
drive_term_cr326;2023-10-19 17:04:29
drive_term_cr1454;2023-10-19 17:46:55
drive_term_cr1573;2023-10-19 17:48:33
drive_term_cr1535;2023-10-20 07:36:23
drive_term_cr1258;2023-10-20 08:22:43
drive_term_cr1155;2023-10-20 14:38:57
drive_term_cr977;2023-10-20 15:56:09
drive_term_cr603;2023-10-20 16:17:17
drive_term_cr611;2023-10-23 07:49:15
drive_term_cr1235;2023-10-23 09:25:13
drive_term_cr1382;2023-10-23 09:30:21
drive_term_cr1416;2023-10-23 09:49:59
drive_term_cr1188;2023-10-23 09:59:08
drive_term_cr1564;2023-10-23 11:22:47
drive_term_cr1351;2023-10-23 11:52:25
drive_term_cr1642;2023-10-23 11:59:43
drive_term_cr931;2023-10-23 12:43:39
drive_term_cr720;2023-10-23 13:27:39
drive_term_cr917;2023-10-23 13:52:21
drive_term_cr1687;2023-10-23 14:29:25
drive_term_cr1259;2023-10-23 14:56:14
drive_term_cr1736;2023-10-23 16:58:10
drive_term_cr735;2023-10-23 17:38:02
drive_term_cr1582;2023-10-23 18:21:29
drive_term_cr1637;2023-10-24 07:21:32
drive_term_cr711;2023-10-24 08:09:53
drive_term_cr1707;2023-10-24 08:15:09
drive_term_cr1523;2023-10-24 09:48:24
drive_term_cr759;2023-10-24 09:54:26
drive_term_cr1479;2023-10-24 09:54:30
drive_term_cr837;2023-10-24 10:59:11
drive_term_cr1499;2023-10-24 11:08:31
drive_term_cr1486;2023-10-24 12:08:43
drive_term_cr1684;2023-10-25 07:23:52
drive_term_cr1316;2023-10-25 08:06:08
drive_term_cr1750;2023-10-25 08:13:36
drive_term_cr1625;2023-10-25 09:20:42
drive_term_cr803;2023-10-25 09:43:39
drive_term_cr1440;2023-10-25 11:37:18
drive_term_cr528;2023-10-25 12:04:42
drive_term_cr1388;2023-10-25 12:18:33
drive_term_cr1215;2023-10-25 14:06:35
drive_term_cr1386;2023-10-25 14:12:26
drive_term_cr1106;2023-10-25 14:46:18
drive_term_cr641;2023-10-25 16:22:41
drive_term_cr828;2023-10-25 17:54:49
drive_term_cr493;2023-10-25 18:50:20
drive_term_cr527;2023-10-25 19:13:47
drive_term_cr1360;2023-10-26 07:36:10
drive_term_cr544;2023-10-26 08:26:11
drive_term_cr1002;2023-10-26 08:51:52
drive_term_cr1751;2023-10-26 13:29:24
drive_term_cr1324;2023-10-26 13:43:15
drive_term_cr1696;2023-10-26 14:30:34
drive_term_cr1541;2023-10-26 15:14:58
drive_term_cr993;2023-10-26 15:22:39
drive_term_cr1645;2023-10-26 15:57:29
drive_term_cr312;2023-10-26 17:07:59
drive_term_cr1733;2023-10-26 17:47:35
drive_term_cr1776;2023-10-27 09:21:24
drive_term_cr1404;2023-10-27 09:23:12
drive_term_cr1473;2023-10-27 10:35:27
drive_term_cr1368;2023-10-27 14:40:45
drive_term_cr1113;2023-10-27 14:51:37
drive_term_cr1603;2023-10-27 15:34:30
drive_term_cr654;2023-10-27 16:04:06
drive_term_cr1438;2023-10-30 08:39:41
drive_term_cr852;2023-10-30 09:04:01
drive_term_cr1527;2023-10-30 10:36:38
drive_term_cr909;2023-10-30 11:19:03
drive_term_cr1548;2023-10-30 11:53:04
drive_term_cr1260;2023-10-30 11:57:54
drive_term_cr680;2023-10-30 12:20:36
drive_term_cr1569;2023-10-30 12:26:13
drive_term_cr1254;2023-10-30 14:44:43
drive_term_cr1817;2023-10-31 09:25:50
drive_term_cr1612;2023-10-31 09:30:00
drive_term_cr1321;2023-10-31 09:30:48
drive_term_cr1516;2023-10-31 09:35:40
drive_term_cr1721;2023-10-31 09:53:13
drive_term_cr553;2023-10-31 10:38:00
drive_term_cr1800;2023-10-31 10:54:00
drive_term_cr1197;2023-10-31 13:23:23
drive_term_cr1437;2023-10-31 13:31:08
drive_term_cr1042;2023-10-31 13:57:08
drive_term_cr1014;2023-10-31 13:58:07
drive_term_cr1606;2023-10-31 14:18:59
drive_term_cr1163;2023-10-31 14:47:41
drive_term_cr1777;2023-10-31 15:43:58
drive_term_cr681;2023-10-31 15:52:28
drive_term_cr662;2023-10-31 16:59:59
drive_term_cr1118;2023-10-31 17:19:52
drive_term_cr415;2023-10-31 17:34:02
drive_term_cr891;2023-11-01 07:46:16
drive_term_cr1793;2023-11-01 09:54:11
drive_term_cr1204;2023-11-01 11:06:02
drive_term_cr428;2023-11-01 11:18:31
drive_term_cr1356;2023-11-01 11:30:10
drive_term_cr1458;2023-11-01 14:49:06
drive_term_cr945;2023-11-01 15:15:46
drive_term_cr1749;2023-11-01 16:43:23
drive_term_cr555;2023-11-01 17:10:19
drive_term_cr1075;2023-11-01 17:36:39
drive_term_cr1238;2023-11-01 17:51:24
drive_term_cr1720;2023-11-02 08:10:17
drive_term_cr1417;2023-11-02 09:44:50
drive_term_cr1683;2023-11-02 11:15:58
drive_term_cr701;2023-11-02 11:44:02
drive_term_cr401;2023-11-02 11:48:24
drive_term_cr1576;2023-11-02 11:56:52
drive_term_cr1087;2023-11-02 13:40:01
drive_term_cr585;2023-11-02 14:38:40
drive_term_cr1659;2023-11-02 14:53:40
drive_term_cr1402;2023-11-02 14:56:55
drive_term_cr1279;2023-11-02 15:16:33
drive_term_cr1004;2023-11-02 15:56:49
drive_term_cr1401;2023-11-02 16:25:18
drive_term_cr1117;2023-11-02 16:58:10
drive_term_cr1105;2023-11-03 07:31:57
drive_term_cr1288;2023-11-03 07:41:52
drive_term_cr1643;2023-11-03 09:26:20
drive_term_cr552;2023-11-03 09:42:44
drive_term_cr1571;2023-11-03 10:17:25
drive_term_cr829;2023-11-03 10:36:07
drive_term_cr1434;2023-11-03 14:15:31
drive_term_cr1217;2023-11-03 17:01:58
drive_term_cr1334;2023-11-03 17:04:04
drive_term_cr1442;2023-11-06 09:13:25
drive_term_cr952;2023-11-06 09:18:03
drive_term_cr1570;2023-11-06 09:29:55
drive_term_cr1397;2023-11-06 09:36:20
drive_term_cr1767;2023-11-06 09:54:42
drive_term_cr1497;2023-11-06 09:57:12
drive_term_cr1775;2023-11-06 11:58:46
drive_term_cr990;2023-11-06 14:10:50
drive_term_cr1391;2023-11-06 14:41:57
drive_term_cr850;2023-11-06 14:55:06
drive_term_cr1544;2023-11-06 16:08:32
drive_term_cr1309;2023-11-06 16:48:13
drive_term_cr1682;2023-11-06 17:02:43
drive_term_cr1364;2023-11-07 07:34:41
drive_term_cr1455;2023-11-07 07:47:19
drive_term_cr1514;2023-11-07 07:47:33
drive_term_cr1782;2023-11-07 09:27:38
drive_term_cr1614;2023-11-07 09:30:43
drive_term_cr1539;2023-11-07 11:29:36
drive_term_cr1804;2023-11-07 11:31:33
drive_term_cr1419;2023-11-07 11:33:22
drive_term_cr812;2023-11-07 11:38:13
drive_term_cr807;2023-11-07 11:56:37
drive_term_cr1340;2023-11-07 14:11:33
drive_term_cr998;2023-11-07 15:38:05
drive_term_cr1765;2023-11-07 15:44:28
drive_term_cr1284;2023-11-07 15:55:46
drive_term_cr1265;2023-11-07 16:50:55
drive_term_cr864;2023-11-08 10:15:26
drive_term_cr1470;2023-11-08 10:35:35
drive_term_cr1876;2023-11-08 10:35:56
drive_term_cr1283;2023-11-08 10:41:50
drive_term_cr1816;2023-11-08 10:41:55
drive_term_cr1716;2023-11-08 11:28:19
drive_term_cr878;2023-11-08 11:55:16
drive_term_cr1297;2023-11-08 14:34:22
drive_term_cr1533;2023-11-08 14:34:53
drive_term_cr1295;2023-11-08 14:37:42
drive_term_cr607;2023-11-08 14:47:04
drive_term_cr1820;2023-11-08 14:48:44
drive_term_cr1890;2023-11-08 14:53:00
drive_term_cr1553;2023-11-09 10:44:35
drive_term_cr1711;2023-11-09 10:48:34
drive_term_cr1488;2023-11-09 10:55:07
drive_term_cr1590;2023-11-09 11:27:38
drive_term_cr1930;2023-11-09 11:55:34
drive_term_cr244;2023-11-09 11:59:28
drive_term_cr1273;2023-11-09 13:29:48
drive_term_cr764;2023-11-09 16:05:30
drive_term_cr1692;2023-11-09 17:49:54
drive_term_cr1743;2023-11-10 09:12:35
drive_term_cr1773;2023-11-10 10:10:03
drive_term_cr1792;2023-11-10 10:15:43
drive_term_cr1723;2023-11-10 10:40:43
drive_term_cr928;2023-11-10 14:29:45
drive_term_cr302;2023-11-10 14:45:23
drive_term_cr1398;2023-11-10 14:50:19
drive_term_cr520;2023-11-10 15:21:40
drive_term_cr1224;2023-11-10 15:49:06
drive_term_cr1822;2023-11-10 16:13:42
drive_term_cr1764;2023-11-13 09:35:05
drive_term_cr1834;2023-11-13 09:43:06
drive_term_cr1150;2023-11-13 09:48:35
drive_term_cr833;2023-11-13 14:40:14
drive_term_cr1646;2023-11-13 14:47:50
drive_term_cr1814;2023-11-13 14:54:03
drive_term_cr1247;2023-11-13 14:58:32
drive_term_cr1255;2023-11-13 15:50:10
drive_term_cr613;2023-11-14 07:10:59
drive_term_cr1229;2023-11-14 07:41:16
drive_term_cr1674;2023-11-14 07:56:50
drive_term_cr822;2023-11-14 07:58:54
drive_term_cr1768;2023-11-14 08:31:15
drive_term_cr1424;2023-11-14 09:54:08
drive_term_cr1425;2023-11-14 10:19:05
drive_term_cr1133;2023-11-14 11:05:22
drive_term_cr671;2023-11-14 11:15:23
drive_term_cr560;2023-11-14 11:24:24
drive_term_cr1243;2023-11-14 11:27:59
drive_term_cr1194;2023-11-14 13:50:50
drive_term_cr1038;2023-11-14 15:34:36
drive_term_cr1989;2023-11-14 15:47:04
drive_term_cr1850;2023-11-14 15:54:25
drive_term_cr1511;2023-11-14 16:52:59
drive_term_cr1181;2023-11-15 07:17:13
drive_term_cr1375;2023-11-15 07:35:06
drive_term_cr1718;2023-11-15 10:04:47
drive_term_cr1819;2023-11-15 11:56:38
drive_term_cr1445;2023-11-15 13:21:31
drive_term_cr1759;2023-11-15 14:01:44
drive_term_cr905;2023-11-15 14:11:43
drive_term_cr1520;2023-11-15 14:35:54
drive_term_cr1472;2023-11-15 14:36:25
drive_term_cr1787;2023-11-15 17:51:33
drive_term_cr1263;2023-11-16 08:44:40
drive_term_cr1671;2023-11-16 08:44:51
drive_term_cr1665;2023-11-16 08:51:19
drive_term_cr982;2023-11-16 09:18:25
drive_term_cr1061;2023-11-16 10:05:43
drive_term_cr1005;2023-11-16 13:50:20
drive_term_cr1011;2023-11-16 14:06:33
drive_term_cr1739;2023-11-16 15:50:27
drive_term_cr1177;2023-11-16 16:34:36
drive_term_cr1801;2023-11-16 16:37:11
drive_term_cr1546;2023-11-16 17:01:11
drive_term_cr1886;2023-11-16 18:48:28
drive_term_cr1922;2023-11-17 10:25:50
drive_term_cr1581;2023-11-17 10:51:42
drive_term_cr721;2023-11-17 10:54:25
drive_term_cr957;2023-11-17 10:56:53
drive_term_cr1647;2023-11-17 11:15:19
drive_term_cr1467;2023-11-17 13:37:57
drive_term_cr1205;2023-11-17 13:59:11
drive_term_cr1502;2023-11-17 15:43:45
drive_term_cr1305;2023-11-17 17:12:24
drive_term_cr1766;2023-11-20 08:51:10
drive_term_cr1275;2023-11-20 09:04:05
drive_term_cr1875;2023-11-20 09:44:00
drive_term_cr851;2023-11-20 09:45:26
drive_term_cr1609;2023-11-20 09:53:51
drive_term_cr1282;2023-11-20 10:14:58
drive_term_cr1513;2023-11-20 13:47:25
drive_term_cr1193;2023-11-20 16:48:08
drive_term_cr1176;2023-11-20 16:51:44
drive_term_cr1250;2023-11-20 19:06:12
drive_term_cr1528;2023-11-21 07:57:28
drive_term_cr1748;2023-11-21 08:11:41
drive_term_cr1145;2023-11-21 09:02:35
drive_term_cr1169;2023-11-21 09:18:06
drive_term_cr992;2023-11-21 12:01:33
drive_term_cr1328;2023-11-21 12:08:57
drive_term_cr967;2023-11-21 13:21:11
drive_term_cr1630;2023-11-21 14:32:52
drive_term_cr1448;2023-11-21 16:22:58
drive_term_cr1912;2023-11-21 16:27:31
drive_term_cr678;2023-11-21 16:49:04
drive_term_cr1491;2023-11-21 18:17:49
drive_term_cr1021;2023-11-22 07:40:01
drive_term_cr1693;2023-11-22 09:35:32
drive_term_cr2001;2023-11-22 09:45:12
drive_term_cr1859;2023-11-22 09:52:10
drive_term_cr1887;2023-11-22 09:58:56
drive_term_cr758;2023-11-22 10:25:12
drive_term_cr1981;2023-11-22 10:27:33
drive_term_cr1216;2023-11-22 11:56:59
drive_term_cr1103;2023-11-22 14:17:17
drive_term_cr1925;2023-11-22 14:26:40
drive_term_cr1345;2023-11-22 14:37:06
drive_term_cr731;2023-11-22 14:37:11
drive_term_cr1471;2023-11-22 14:48:19
drive_term_cr2018;2023-11-22 16:38:18
drive_term_cr1463;2023-11-22 16:39:29
drive_term_cr1967;2023-11-22 18:41:08
drive_term_cr1640;2023-11-22 19:02:40
drive_term_cr1493;2023-11-23 07:40:16
drive_term_cr1932;2023-11-23 09:07:52
drive_term_cr1772;2023-11-23 11:57:53
drive_term_cr836;2023-11-23 12:09:34
drive_term_cr1411;2023-11-23 12:23:58
drive_term_cr1634;2023-11-23 12:34:08
drive_term_cr1872;2023-11-23 13:12:50
drive_term_cr890;2023-11-23 13:20:05
drive_term_cr1186;2023-11-23 17:43:51
drive_term_cr1532;2023-11-24 09:12:53
drive_term_cr1190;2023-11-24 09:32:35
drive_term_cr1189;2023-11-24 09:58:05
drive_term_cr1371;2023-11-24 10:36:12
drive_term_cr1920;2023-11-24 11:02:57
drive_term_cr465;2023-11-24 11:07:25
drive_term_cr1613;2023-11-24 11:23:02
drive_term_cr1891;2023-11-24 17:46:12
drive_term_cr565;2023-11-24 17:59:54
drive_term_cr775;2023-11-24 18:28:59
drive_term_cr569;2023-11-27 07:24:20
drive_term_cr1974;2023-11-27 07:26:41
drive_term_cr1929;2023-11-27 09:14:11
drive_term_cr1355;2023-11-27 10:53:08
drive_term_cr1554;2023-11-27 11:09:55
drive_term_cr1512;2023-11-27 13:59:44
drive_term_cr1547;2023-11-27 14:55:51
drive_term_cr1949;2023-11-27 15:41:23
drive_term_cr934;2023-11-27 15:51:54
drive_term_cr930;2023-11-27 15:53:41
drive_term_cr1947;2023-11-27 15:56:27
drive_term_cr1668;2023-11-27 16:51:39
drive_term_cr1986;2023-11-27 16:55:08
drive_term_cr573;2023-11-28 08:24:59
drive_term_cr1627;2023-11-28 11:07:11
drive_term_cr1592;2023-11-28 11:11:13
drive_term_cr1482;2023-11-28 11:28:22
drive_term_cr1596;2023-11-28 14:09:19
drive_term_cr1852;2023-11-28 16:21:45
drive_term_cr1308;2023-11-28 16:26:09
drive_term_cr941;2023-11-28 16:36:06
drive_term_cr1703;2023-11-28 16:37:04
drive_term_cr960;2023-11-29 07:09:56
drive_term_cr1660;2023-11-29 07:36:00
drive_term_cr1799;2023-11-29 07:40:29
drive_term_cr1588;2023-11-29 09:00:00
drive_term_cr1975;2023-11-29 09:25:36
drive_term_cr1978;2023-11-29 11:02:01
drive_term_cr1651;2023-11-29 11:07:38
drive_term_cr1521;2023-11-29 11:28:13
drive_term_cr1147;2023-11-29 11:46:52
drive_term_cr1794;2023-11-29 11:53:13
drive_term_cr1293;2023-11-29 13:57:04
drive_term_cr2016;2023-11-29 14:30:37
drive_term_cr1798;2023-11-29 14:32:24
drive_term_cr1096;2023-11-29 14:40:08
drive_term_cr1633;2023-11-29 16:06:53
drive_term_cr1898;2023-11-29 16:10:21
drive_term_cr1329;2023-11-29 16:31:13
drive_term_cr1540;2023-11-29 17:10:36
drive_term_cr729;2023-11-30 07:37:13
drive_term_cr2010;2023-11-30 11:59:18
drive_term_cr1726;2023-11-30 14:17:57
drive_term_cr1976;2023-11-30 14:34:40
drive_term_cr854;2023-11-30 14:47:59
drive_term_cr1211;2023-11-30 15:39:07
drive_term_cr948;2023-11-30 15:50:39
drive_term_cr1944;2023-11-30 16:55:32
drive_term_cr1946;2023-12-01 09:15:55
drive_term_cr1621;2023-12-01 09:19:59
drive_term_cr1685;2023-12-01 10:23:40
drive_term_cr1234;2023-12-01 11:52:25
drive_term_cr1629;2023-12-01 11:58:20
drive_term_cr1968;2023-12-01 14:54:13
drive_term_cr1302;2023-12-01 15:31:47
drive_term_cr1210;2023-12-01 15:36:51
drive_term_cr1933;2023-12-04 09:05:41
drive_term_cr1926;2023-12-04 10:11:56
drive_term_cr1214;2023-12-04 11:14:51
drive_term_cr1740;2023-12-04 11:41:25
drive_term_cr1449;2023-12-04 11:43:51
drive_term_cr1585;2023-12-04 14:27:41
drive_term_cr1562;2023-12-04 14:27:42
drive_term_cr1937;2023-12-04 14:32:00
drive_term_cr1919;2023-12-04 14:37:12
drive_term_cr1836;2023-12-04 14:37:59
drive_term_cr1745;2023-12-04 14:59:08
drive_term_cr1931;2023-12-05 15:02:46
drive_term_cr1825;2023-12-05 15:37:50
drive_term_cr1053;2023-12-05 15:37:52
drive_term_cr1611;2023-12-05 15:54:45
drive_term_cr1114;2023-12-05 15:56:02
drive_term_cr1939;2023-12-06 08:28:06
drive_term_cr1236;2023-12-06 09:46:55
drive_term_cr1359;2023-12-06 10:12:39
drive_term_cr1894;2023-12-06 10:29:02
drive_term_cr1249;2023-12-06 12:26:44
drive_term_cr798;2023-12-06 13:44:54
drive_term_cr1648;2023-12-06 14:05:42
drive_term_cr1557;2023-12-06 14:39:11
drive_term_cr1778;2023-12-06 14:57:36
drive_term_cr1459;2023-12-06 15:12:53
drive_term_cr1911;2023-12-06 16:10:05
drive_term_cr1446;2023-12-06 16:31:11
drive_term_cr660;2023-12-06 16:50:23
drive_term_cr1231;2023-12-07 10:18:51
drive_term_cr1405;2023-12-07 10:23:58
drive_term_cr1568;2023-12-07 11:14:42
drive_term_cr794;2023-12-07 11:23:51
drive_term_cr1031;2023-12-07 11:26:29
drive_term_cr1073;2023-12-07 11:35:41
drive_term_cr1561;2023-12-07 11:53:33
drive_term_cr2002;2023-12-07 12:06:11
drive_term_cr1478;2023-12-07 17:05:41
drive_term_cr649;2023-12-07 17:18:54
drive_term_cr1818;2023-12-07 17:52:22
drive_term_cr1505;2023-12-08 08:14:59
drive_term_cr697;2023-12-08 11:36:52
drive_term_cr1390;2023-12-08 11:40:06
drive_term_cr1990;2023-12-08 11:44:11
drive_term_cr1906;2023-12-08 11:57:52
drive_term_cr1702;2023-12-08 12:12:11
drive_term_cr669;2023-12-08 14:25:51
drive_term_cr1595;2023-12-08 16:49:10
drive_term_cr1303;2023-12-11 07:36:42
drive_term_cr1008;2023-12-11 08:05:14
drive_term_cr1664;2023-12-11 09:06:25
drive_term_cr1353;2023-12-11 10:47:19
drive_term_cr1948;2023-12-11 10:57:16
drive_term_cr1191;2023-12-11 11:56:23
drive_term_cr1832;2023-12-11 14:08:51
drive_term_cr1598;2023-12-11 14:29:31
drive_term_cr1658;2023-12-11 18:02:26
drive_term_cr1618;2023-12-12 07:40:41
drive_term_cr1350;2023-12-12 07:50:09
drive_term_cr1655;2023-12-12 08:17:34
drive_term_cr1615;2023-12-12 08:35:59
drive_term_cr1916;2023-12-12 08:51:37
drive_term_cr1389;2023-12-12 09:21:34
drive_term_cr1421;2023-12-12 10:16:38
drive_term_cr1965;2023-12-12 10:47:34
drive_term_cr1166;2023-12-12 15:35:03
drive_term_cr875;2023-12-12 15:38:06
drive_term_cr629;2023-12-12 15:47:47
drive_term_cr1531;2023-12-12 17:36:53
drive_term_cr1963;2023-12-12 18:13:47
drive_term_cr1462;2023-12-13 07:40:05
drive_term_cr1225;2023-12-13 09:03:24
drive_term_cr1678;2023-12-13 09:51:49
drive_term_cr1622;2023-12-13 09:59:43
drive_term_cr1604;2023-12-13 13:24:24
drive_term_cr673;2023-12-13 13:41:42
drive_term_cr1239;2023-12-13 15:01:08
drive_term_cr1503;2023-12-13 15:05:21
drive_term_cr2022;2023-12-13 16:26:00
drive_term_cr988;2023-12-14 08:55:28
drive_term_cr1971;2023-12-14 09:32:36
drive_term_cr1791;2023-12-14 09:41:47
drive_term_cr770;2023-12-14 11:07:17
drive_term_cr1780;2023-12-14 11:47:26
drive_term_cr1636;2023-12-14 14:17:23
drive_term_cr1897;2023-12-14 14:20:41
drive_term_cr1959;2023-12-14 14:35:46
drive_term_cr1921;2023-12-14 14:54:33
drive_term_cr734;2023-12-14 16:32:00
drive_term_cr1803;2023-12-14 16:42:50
drive_term_cr1577;2023-12-14 18:29:08
drive_term_cr1712;2023-12-15 07:32:20
drive_term_cr539;2023-12-15 11:26:09
drive_term_cr1230;2023-12-15 13:37:04
drive_term_cr1632;2023-12-15 13:38:06
drive_term_cr1063;2023-12-15 13:44:35
drive_term_cr1690;2023-12-15 13:50:20
drive_term_cr1346;2023-12-15 14:08:44
drive_term_cr1754;2023-12-15 14:33:10
drive_term_cr1638;2023-12-18 07:52:47
drive_term_cr1498;2023-12-18 09:17:01
drive_term_cr925;2023-12-18 10:10:20
drive_term_cr488;2023-12-18 10:25:13
drive_term_cr1869;2023-12-18 10:38:43
drive_term_cr655;2023-12-18 11:31:37
drive_term_cr1168;2023-12-18 11:59:12
drive_term_cr574;2023-12-18 12:08:04
drive_term_cr1807;2023-12-18 12:29:34
drive_term_cr1644;2023-12-18 12:48:41
drive_term_cr1047;2023-12-18 16:38:17
drive_term_cr1519;2023-12-19 07:46:14
drive_term_cr596;2023-12-19 08:21:05
drive_term_cr879;2023-12-19 08:49:01
drive_term_cr1107;2023-12-19 10:48:17
drive_term_cr1296;2023-12-19 11:12:35
drive_term_cr1378;2023-12-19 13:27:05
drive_term_cr1900;2023-12-19 16:54:53
drive_term_cr1662;2023-12-19 16:58:46
drive_term_cr1460;2023-12-19 18:29:25
drive_term_cr1624;2023-12-20 08:43:01
drive_term_cr950;2023-12-20 09:28:43
drive_term_cr1835;2023-12-20 09:56:10
drive_term_cr625;2023-12-20 10:59:55
drive_term_cr1116;2023-12-20 11:29:49
drive_term_cr1873;2023-12-20 11:51:30
drive_term_cr1173;2023-12-20 13:59:56
drive_term_cr1171;2023-12-20 14:20:37
drive_term_cr1795;2023-12-20 14:44:29
drive_term_cr1866;2023-12-20 15:49:25
drive_term_cr1730;2023-12-20 17:11:52
drive_term_cr1917;2023-12-21 11:12:23
drive_term_cr1617;2023-12-21 11:12:43
drive_term_cr1888;2023-12-21 11:23:05
drive_term_cr958;2023-12-21 11:27:00
drive_term_cr1550;2023-12-21 11:52:19
drive_term_cr1809;2023-12-21 13:11:48
drive_term_cr1667;2023-12-21 13:14:04
drive_term_cr1729;2023-12-21 14:20:18
drive_term_cr1727;2023-12-21 14:51:18
drive_term_cr1206;2023-12-21 17:36:11
drive_term_cr1710;2023-12-21 18:23:07
drive_term_cr1427;2023-12-22 09:35:26
drive_term_cr1370;2023-12-22 10:23:45
drive_term_cr1628;2023-12-22 11:04:35
drive_term_cr1771;2023-12-22 11:26:38
drive_term_cr868;2023-12-22 14:11:13
drive_term_cr1885;2023-12-22 14:29:26
drive_term_cr1428;2023-12-22 14:45:20
drive_term_cr672;2023-12-22 14:49:39
drive_term_cr1314;2023-12-22 15:40:54
drive_term_cr1666;2023-12-25 09:29:26
drive_term_cr813;2023-12-25 13:41:41
drive_term_cr1987;2023-12-25 13:47:55
drive_term_cr582;2023-12-25 14:13:16
drive_term_cr912;2023-12-25 14:16:52
drive_term_cr1961;2023-12-25 14:32:22
drive_term_cr1854;2023-12-25 15:07:07
drive_term_cr2017;2023-12-26 10:05:32
drive_term_cr1763;2023-12-26 11:50:02
drive_term_cr1549;2023-12-26 11:54:02
drive_term_cr1914;2023-12-26 11:54:12
drive_term_cr1013;2023-12-26 11:56:47
drive_term_cr1694;2023-12-26 13:11:42
drive_term_cr1928;2023-12-26 13:26:12
drive_term_cr706;2023-12-26 15:56:47
drive_term_cr1874;2023-12-27 07:55:48
drive_term_cr913;2023-12-27 08:05:05
drive_term_cr2000;2023-12-27 09:14:08
drive_term_cr1856;2023-12-27 09:56:02
drive_term_cr1001;2023-12-27 11:45:49
drive_term_cr1802;2023-12-27 14:41:20
drive_term_cr1338;2023-12-27 14:43:16
drive_term_cr1823;2023-12-27 14:55:32
drive_term_cr1209;2023-12-27 15:45:17
drive_term_cr1175;2023-12-27 16:10:29
drive_term_cr1429;2023-12-27 17:14:21
drive_term_cr1064;2023-12-28 07:52:09
drive_term_cr1983;2023-12-28 08:23:19
drive_term_cr1952;2023-12-28 09:27:26
drive_term_cr1904;2023-12-28 09:29:59
drive_term_cr1827;2023-12-28 09:42:32
drive_term_cr1299;2023-12-28 09:47:08
drive_term_cr1406;2023-12-28 14:30:11
drive_term_cr1652;2023-12-28 14:36:13
drive_term_cr1769;2023-12-28 14:38:58
drive_term_cr339;2023-12-28 14:40:41
drive_term_cr1487;2023-12-28 14:48:37
drive_term_cr1517;2023-12-28 15:10:08
drive_term_cr1610;2023-12-29 09:57:05
drive_term_cr1670;2023-12-29 10:08:43
drive_term_cr1641;2023-12-29 11:15:22
drive_term_cr1700;2023-12-29 11:20:04
drive_term_cr1713;2023-12-29 15:07:06
drive_term_cr1757;2023-12-29 15:15:28
drive_term_cr1951;2023-12-29 15:29:46
drive_term_cr1089;2023-12-29 15:42:43
drive_term_cr1774;2023-12-29 16:26:45
drive_term_cr1889;2023-12-29 17:40:05
drive_term_cr1320;2024-01-01 11:40:19
drive_term_cr926;2024-01-01 11:55:02
drive_term_cr985;2024-01-01 11:56:11
drive_term_cr1923;2024-01-01 13:40:14
drive_term_cr1966;2024-01-01 14:10:21
drive_term_cr1343;2024-01-01 14:11:32
drive_term_cr1213;2024-01-01 15:39:23
drive_term_cr779;2024-01-01 15:39:52
drive_term_cr1410;2024-01-01 15:54:57
drive_term_cr799;2024-01-01 16:31:23
drive_term_cr1578;2024-01-01 16:49:07
drive_term_cr1572;2024-01-02 08:59:44
drive_term_cr287;2024-01-02 09:00:12
drive_term_cr795;2024-01-02 09:03:05
drive_term_cr1032;2024-01-02 11:38:06
drive_term_cr1354;2024-01-02 14:57:54
drive_term_cr1991;2024-01-02 15:01:12
drive_term_cr1304;2024-01-02 15:01:33
drive_term_cr2021;2024-01-02 15:14:30
drive_term_cr1742;2024-01-02 15:17:47
drive_term_cr1009;2024-01-02 16:40:11
drive_term_cr1433;2024-01-02 17:10:00
drive_term_cr1918;2024-01-03 09:56:18
drive_term_cr1443;2024-01-03 10:20:07
drive_term_cr785;2024-01-03 10:56:57
drive_term_cr1526;2024-01-03 10:57:49
drive_term_cr1828;2024-01-03 11:39:03
drive_term_cr947;2024-01-03 13:15:05
drive_term_cr1469;2024-01-03 15:35:16
drive_term_cr1201;2024-01-03 16:23:48
drive_term_cr1319;2024-01-03 17:41:22
drive_term_cr1945;2024-01-04 07:56:42
drive_term_cr682;2024-01-04 08:26:51
drive_term_cr747;2024-01-04 08:57:38
drive_term_cr1135;2024-01-04 09:58:32
drive_term_cr1212;2024-01-04 10:58:25
drive_term_cr1567;2024-01-04 11:22:06
drive_term_cr421;2024-01-04 11:34:26
drive_term_cr1907;2024-01-04 11:35:31
drive_term_cr1597;2024-01-04 11:44:42
drive_term_cr1738;2024-01-04 13:36:01
drive_term_cr1015;2024-01-04 16:28:41
drive_term_cr1317;2024-01-04 16:29:12
drive_term_cr1383;2024-01-04 16:39:08
drive_term_cr579;2024-01-04 16:44:08
drive_term_cr1982;2024-01-04 17:56:53
drive_term_cr1957;2024-01-04 18:15:32
drive_term_cr1650;2024-01-05 09:23:49
drive_term_cr1677;2024-01-05 10:19:40
drive_term_cr1849;2024-01-05 10:53:24
drive_term_cr510;2024-01-05 11:51:48
drive_term_cr1607;2024-01-05 13:45:39
drive_term_cr1306;2024-01-05 13:52:14
drive_term_cr1138;2024-01-05 14:00:27
drive_term_cr1805;2024-01-05 15:07:39
drive_term_cr1790;2024-01-08 08:31:56
drive_term_cr601;2024-01-08 09:20:42
drive_term_cr903;2024-01-08 09:23:53
drive_term_cr1162;2024-01-08 09:36:57
drive_term_cr1271;2024-01-08 09:39:05
drive_term_cr1829;2024-01-08 09:54:44
drive_term_cr1753;2024-01-08 15:22:56
drive_term_cr1988;2024-01-08 15:35:21
drive_term_cr2012;2024-01-08 15:43:40
drive_term_cr1864;2024-01-08 15:46:41
drive_term_cr1701;2024-01-08 16:16:33
drive_term_cr1855;2024-01-08 16:36:46
drive_term_cr1081;2024-01-08 17:44:49
drive_term_cr1530;2024-01-09 08:49:40
drive_term_cr1895;2024-01-09 08:50:43
drive_term_cr1735;2024-01-09 08:55:32
drive_term_cr1797;2024-01-09 09:06:07
drive_term_cr1863;2024-01-09 09:42:40
drive_term_cr1436;2024-01-09 10:04:45
drive_term_cr1465;2024-01-09 10:17:18
drive_term_cr1311;2024-01-09 11:59:13
drive_term_cr1833;2024-01-09 13:40:40
drive_term_cr1695;2024-01-09 13:42:50
drive_term_cr1098;2024-01-09 14:28:40
drive_term_cr808;2024-01-09 14:37:38
drive_term_cr1097;2024-01-09 14:38:01
drive_term_cr460;2024-01-09 14:43:32
drive_term_cr578;2024-01-09 15:40:25
drive_term_cr1706;2024-01-09 17:02:25
drive_term_cr1972;2024-01-09 17:09:01
drive_term_cr1824;2024-01-10 07:35:59
drive_term_cr786;2024-01-10 08:50:36
drive_term_cr1269;2024-01-10 10:45:08
drive_term_cr1639;2024-01-10 10:57:20
drive_term_cr1608;2024-01-10 11:24:32
drive_term_cr1964;2024-01-10 11:35:31
drive_term_cr1543;2024-01-10 11:36:42
drive_term_cr774;2024-01-10 11:57:03
drive_term_cr1955;2024-01-10 13:42:54
drive_term_cr1669;2024-01-10 15:34:35
drive_term_cr857;2024-01-10 15:51:16
drive_term_cr1831;2024-01-10 16:55:31
drive_term_cr1845;2024-01-11 07:46:34
drive_term_cr1423;2024-01-11 10:00:13
drive_term_cr2014;2024-01-11 13:29:40
drive_term_cr962;2024-01-11 13:42:59
drive_term_cr1697;2024-01-11 13:48:42
drive_term_cr1244;2024-01-11 14:32:34
drive_term_cr1584;2024-01-11 16:05:20
drive_term_cr1893;2024-01-11 16:34:46
drive_term_cr983;2024-01-12 08:53:31
drive_term_cr902;2024-01-12 09:44:15
drive_term_cr1910;2024-01-12 09:47:23
drive_term_cr1060;2024-01-12 10:21:59
drive_term_cr1374;2024-01-12 10:41:46
drive_term_cr1943;2024-01-12 10:44:42
drive_term_cr1545;2024-01-12 11:38:12
drive_term_cr1418;2024-01-12 18:27:25
drive_term_cr1956;2024-01-15 11:01:47
drive_term_cr1631;2024-01-15 11:14:00
drive_term_cr916;2024-01-15 11:31:54
drive_term_cr1958;2024-01-15 11:50:09
drive_term_cr2004;2024-01-15 13:29:13
drive_term_cr776;2024-01-15 14:31:44
drive_term_cr1870;2024-01-15 16:10:10
drive_term_cr843;2024-01-15 16:23:54
drive_term_cr895;2024-01-15 16:31:06
drive_term_cr1091;2024-01-15 16:57:29
drive_term_cr1908;2024-01-16 08:51:27
drive_term_cr1760;2024-01-16 10:59:43
drive_term_cr1307;2024-01-16 11:29:49
drive_term_cr1372;2024-01-16 11:35:48
drive_term_cr1865;2024-01-16 11:36:49
drive_term_cr1298;2024-01-16 11:44:32
drive_term_cr1623;2024-01-16 12:08:42
drive_term_cr525;2024-01-16 13:47:16
drive_term_cr1747;2024-01-16 14:48:21
drive_term_cr1367;2024-01-16 14:49:10
drive_term_cr1156;2024-01-16 15:29:05
drive_term_cr586;2024-01-16 16:22:04
drive_term_cr1522;2024-01-16 16:22:36
drive_term_cr752;2024-01-16 17:09:34
drive_term_cr984;2024-01-16 17:35:54
drive_term_cr532;2024-01-17 10:47:32
drive_term_cr1913;2024-01-17 10:53:44
drive_term_cr1616;2024-01-17 12:00:05
drive_term_cr859;2024-01-17 12:12:49
drive_term_cr714;2024-01-17 13:16:30
drive_term_cr1331;2024-01-17 14:43:36
drive_term_cr1880;2024-01-17 15:13:30
drive_term_cr1481;2024-01-17 15:31:39
drive_term_cr1040;2024-01-17 15:55:26
drive_term_cr2019;2024-01-17 17:24:18
drive_term_cr1262;2024-01-17 18:32:13
drive_term_cr1901;2024-01-18 07:33:03
drive_term_cr1857;2024-01-18 08:31:31
drive_term_cr1257;2024-01-18 11:34:12
drive_term_cr1120;2024-01-18 11:34:55
drive_term_cr1725;2024-01-18 11:40:24
drive_term_cr1936;2024-01-18 11:41:00
drive_term_cr1680;2024-01-18 11:43:23
drive_term_cr811;2024-01-18 13:41:37
drive_term_cr1452;2024-01-18 14:05:32
drive_term_cr618;2024-01-19 10:31:57
drive_term_cr1709;2024-01-19 10:33:11
drive_term_cr1426;2024-01-19 10:51:25
drive_term_cr814;2024-01-19 10:59:28
drive_term_cr1280;2024-01-19 11:16:11
drive_term_cr1779;2024-01-19 11:17:32
drive_term_cr1387;2024-01-19 14:49:13
drive_term_cr1884;2024-01-19 14:59:16
drive_term_cr1679;2024-01-19 18:24:42
drive_term_cr1653;2024-01-22 07:43:03
drive_term_cr1841;2024-01-22 09:21:03
drive_term_cr1392;2024-01-22 10:24:32
drive_term_cr932;2024-01-22 10:38:11
drive_term_cr1542;2024-01-22 11:31:23
drive_term_cr1941;2024-01-22 16:16:51
drive_term_cr366;2024-01-22 16:23:22
drive_term_cr661;2024-01-22 16:27:11
drive_term_cr1365;2024-01-22 17:47:30
drive_term_cr1408;2024-01-23 10:14:46
drive_term_cr683;2024-01-23 10:44:34
drive_term_cr1574;2024-01-23 10:55:04
drive_term_cr1412;2024-01-23 14:25:25
drive_term_cr766;2024-01-23 14:41:41
drive_term_cr1222;2024-01-23 14:53:28
drive_term_cr577;2024-01-23 14:58:25
drive_term_cr2005;2024-01-23 15:54:18
drive_term_cr1151;2024-01-23 16:05:19
drive_term_cr907;2024-01-23 16:33:21
drive_term_cr1123;2024-01-23 17:15:41
drive_term_cr1575;2024-01-24 10:32:14
drive_term_cr1036;2024-01-24 13:23:05
drive_term_cr1373;2024-01-24 13:34:50
drive_term_cr1635;2024-01-24 13:36:03
drive_term_cr1786;2024-01-24 13:57:31
drive_term_cr1227;2024-01-24 14:40:34
drive_term_cr688;2024-01-24 15:00:43
drive_term_cr639;2024-01-24 15:19:36
drive_term_cr1580;2024-01-24 17:15:11
drive_term_cr1698;2024-01-24 17:34:12
drive_term_cr996;2024-01-24 17:38:44
drive_term_cr1994;2024-01-24 18:27:59
drive_term_cr1566;2024-01-24 19:02:33
drive_term_cr834;2024-01-25 08:36:38
drive_term_cr1675;2024-01-25 13:47:15
drive_term_cr1992;2024-01-25 13:57:01
drive_term_cr1744;2024-01-25 14:48:24
drive_term_cr1881;2024-01-25 14:54:24
drive_term_cr439;2024-01-25 15:26:49
drive_term_cr820;2024-01-25 15:58:28
drive_term_cr1054;2024-01-25 16:59:35
drive_term_cr1962;2024-01-25 17:06:18
drive_term_cr1501;2024-01-25 17:48:08
drive_term_cr1812;2024-01-26 07:12:47
drive_term_cr1363;2024-01-26 10:23:56
drive_term_cr1851;2024-01-26 10:28:45
drive_term_cr609;2024-01-26 10:48:54
drive_term_cr924;2024-01-26 14:40:52
drive_term_cr1039;2024-01-26 15:26:29
drive_term_cr1400;2024-01-26 15:30:02
drive_term_cr1381;2024-01-26 15:34:53
drive_term_cr1868;2024-01-26 15:36:42
drive_term_cr1534;2024-01-26 15:38:49
drive_term_cr1626;2024-01-29 08:23:09
drive_term_cr1879;2024-01-29 08:47:11
drive_term_cr685;2024-01-29 09:21:29
drive_term_cr1892;2024-01-29 09:30:19
drive_term_cr1538;2024-01-29 09:44:33
drive_term_cr1657;2024-01-29 11:44:19
drive_term_cr725;2024-01-29 11:50:28
drive_term_cr1681;2024-01-29 11:58:38
drive_term_cr763;2024-01-29 13:17:21
drive_term_cr1620;2024-01-29 14:09:49
drive_term_cr1813;2024-01-29 14:20:05
drive_term_cr1979;2024-01-29 16:24:44
drive_term_cr1993;2024-01-29 16:37:02
drive_term_cr1489;2024-01-29 17:46:28
drive_term_cr1281;2024-01-29 17:51:10
drive_term_cr1997;2024-01-29 18:03:32
drive_term_cr1178;2024-01-30 07:49:42
drive_term_cr1902;2024-01-30 11:07:50
drive_term_cr1509;2024-01-30 11:38:42
drive_term_cr284;2024-01-30 13:48:40
drive_term_cr1413;2024-01-30 13:51:05
drive_term_cr1905;2024-01-30 15:21:22
drive_term_cr1789;2024-01-30 15:35:38
drive_term_cr1689;2024-01-30 15:55:19
drive_term_cr835;2024-01-30 16:22:10
drive_term_cr853;2024-01-30 16:26:45
drive_term_cr1399;2024-01-30 16:49:51
drive_term_cr1125;2024-01-31 11:32:38
drive_term_cr908;2024-01-31 13:48:21
drive_term_cr1830;2024-01-31 13:48:48
drive_term_cr1536;2024-01-31 13:54:54
drive_term_cr1361;2024-01-31 13:58:50
drive_term_cr1969;2024-01-31 15:08:55
drive_term_cr938;2024-01-31 15:17:30
drive_term_cr2006;2024-02-01 11:09:38
drive_term_cr1731;2024-02-01 11:33:03
drive_term_cr1466;2024-02-01 12:39:07
drive_term_cr551;2024-02-01 14:10:16
drive_term_cr1985;2024-02-01 14:45:54
drive_term_cr1602;2024-02-01 14:48:02
drive_term_cr1758;2024-02-01 15:51:18
drive_term_cr819;2024-02-01 16:11:26
drive_term_cr623;2024-02-01 16:58:52
drive_term_cr1732;2024-02-02 07:40:01
drive_term_cr1839;2024-02-02 08:18:38
drive_term_cr1591;2024-02-02 09:00:08
drive_term_cr1335;2024-02-02 10:13:59
drive_term_cr1844;2024-02-02 14:20:32
drive_term_cr1717;2024-02-02 14:40:13
drive_term_cr1688;2024-02-02 14:46:06
drive_term_cr1192;2024-02-02 14:55:13
drive_term_cr1480;2024-02-02 15:55:23
drive_term_cr1970;2024-02-02 16:53:54
drive_term_cr1811;2024-02-02 18:34:18
drive_term_cr1847;2024-02-02 19:18:03
drive_term_cr692;2024-02-05 07:40:53
drive_term_cr1157;2024-02-05 08:25:10
drive_term_cr1586;2024-02-05 09:10:19
drive_term_cr978;2024-02-05 09:28:10
drive_term_cr884;2024-02-05 09:41:42
drive_term_cr1128;2024-02-05 11:57:26
drive_term_cr1840;2024-02-05 13:37:26
drive_term_cr827;2024-02-05 13:55:54
drive_term_cr1826;2024-02-05 14:01:15
drive_term_cr1199;2024-02-05 14:20:23
drive_term_cr1251;2024-02-05 14:42:46
drive_term_cr1755;2024-02-06 08:16:32
drive_term_cr1722;2024-02-06 09:30:00
drive_term_cr1995;2024-02-06 09:49:52
drive_term_cr1358;2024-02-06 09:57:31
drive_term_cr1504;2024-02-06 10:36:33
drive_term_cr1903;2024-02-06 11:09:44
drive_term_cr1909;2024-02-06 11:33:39
drive_term_cr1461;2024-02-06 15:44:39
drive_term_cr2007;2024-02-06 15:59:54
drive_term_cr1149;2024-02-06 16:35:52
drive_term_cr1788;2024-02-06 17:07:08
drive_term_cr1770;2024-02-06 18:31:44
drive_term_cr2020;2024-02-07 14:53:27
drive_term_cr797;2024-02-07 15:34:33
drive_term_cr1474;2024-02-07 16:13:23
drive_term_cr1821;2024-02-07 16:43:46
drive_term_cr899;2024-02-08 07:44:11
drive_term_cr1333;2024-02-08 08:03:59
drive_term_cr1927;2024-02-08 10:19:07
drive_term_cr1165;2024-02-08 10:31:20
drive_term_cr1565;2024-02-08 10:35:54
drive_term_cr1256;2024-02-08 11:51:13
drive_term_cr1915;2024-02-08 12:09:57
drive_term_cr1656;2024-02-08 15:29:06
drive_term_cr1860;2024-02-08 15:56:26
drive_term_cr1124;2024-02-08 16:36:13
drive_term_cr1924;2024-02-08 17:01:37
drive_term_cr1594;2024-02-08 17:09:04
drive_term_cr206;2024-02-08 17:35:59
drive_term_cr1691;2024-02-09 07:41:37
drive_term_cr1737;2024-02-09 15:44:28
drive_term_cr691;2024-02-09 18:10:19
drive_term_cr815;2024-02-09 18:36:05
drive_term_cr936;2024-02-12 07:29:17
drive_term_cr1185;2024-02-12 08:25:08
drive_term_cr429;2024-02-12 08:29:15
drive_term_cr1485;2024-02-12 08:30:34
drive_term_cr1496;2024-02-12 15:04:00
drive_term_cr1935;2024-02-13 09:36:24
drive_term_cr1882;2024-02-13 09:38:14
drive_term_cr1846;2024-02-13 09:41:24
drive_term_cr1066;2024-02-13 09:49:27
drive_term_cr1877;2024-02-13 10:14:15
drive_term_cr1950;2024-02-13 10:46:41
drive_term_cr490;2024-02-13 13:27:08
drive_term_cr1938;2024-02-13 13:40:16
drive_term_cr1044;2024-02-13 15:13:15
drive_term_cr1104;2024-02-13 15:20:49
drive_term_cr1043;2024-02-13 15:21:03
drive_term_cr1403;2024-02-13 16:41:14
drive_term_cr1347;2024-02-13 17:06:27
drive_term_cr1494;2024-02-14 07:09:04
drive_term_cr1867;2024-02-14 10:19:51
drive_term_cr1705;2024-02-14 10:33:28
drive_term_cr1507;2024-02-14 10:38:58
drive_term_cr1468;2024-02-14 11:53:42
drive_term_cr1661;2024-02-14 13:38:42
drive_term_cr1708;2024-02-14 13:53:40
drive_term_cr1808;2024-02-14 13:55:09
drive_term_cr874;2024-02-14 14:50:22
drive_term_cr1587;2024-02-14 14:56:27
drive_term_cr1838;2024-02-14 16:09:06
drive_term_cr1184;2024-02-15 07:44:31
drive_term_cr1028;2024-02-15 07:49:52
drive_term_cr1806;2024-02-15 09:30:26
drive_term_cr481;2024-02-15 09:38:55
drive_term_cr757;2024-02-15 09:55:41
drive_term_cr1934;2024-02-15 11:08:32
drive_term_cr1715;2024-02-15 11:32:18
drive_term_cr1719;2024-02-15 14:09:19
drive_term_cr1518;2024-02-15 14:11:55
drive_term_cr709;2024-02-15 18:32:19
drive_term_cr1559;2024-02-16 09:18:16
drive_term_cr1330;2024-02-16 09:50:18
drive_term_cr1444;2024-02-16 09:55:38
drive_term_cr1672;2024-02-16 10:29:49
drive_term_cr1339;2024-02-16 11:20:44
drive_term_cr1153;2024-02-16 11:41:57
drive_term_cr1728;2024-02-16 11:54:11
drive_term_cr1998;2024-02-16 14:17:44
drive_term_cr1395;2024-02-16 14:39:42
drive_term_cr1724;2024-02-16 14:40:48
drive_term_cr2015;2024-02-16 14:50:50
drive_term_cr961;2024-02-16 16:40:54
drive_term_cr1996;2024-02-19 08:06:09
drive_term_cr1095;2024-02-19 08:23:33
drive_term_cr2009;2024-02-19 08:32:48
drive_term_cr123;2024-02-19 08:54:41
drive_term_cr608;2024-02-19 09:01:03
drive_term_cr1649;2024-02-19 10:05:52
drive_term_cr1796;2024-02-19 10:48:50
drive_term_cr344;2024-02-20 09:13:33
drive_term_cr1704;2024-02-20 09:22:47
drive_term_cr1495;2024-02-20 09:25:05
drive_term_cr1953;2024-02-20 09:51:23
drive_term_cr1676;2024-02-20 09:54:51
drive_term_cr1274;2024-02-20 10:02:24
drive_term_cr1756;2024-02-20 10:54:28
drive_term_cr2011;2024-02-20 13:38:58
drive_term_cr1883;2024-02-20 13:57:19
drive_term_cr745;2024-02-20 15:01:50
drive_term_cr1878;2024-02-20 15:04:50
drive_term_cr1121;2024-02-20 15:34:55
drive_term_cr1292;2024-02-20 17:46:33
drive_term_cr1980;2024-02-20 17:53:17
drive_term_cr1896;2024-02-21 07:49:45
drive_term_cr1960;2024-02-21 08:03:01
drive_term_cr370;2024-02-21 08:27:38
drive_term_cr1589;2024-02-21 10:41:37
drive_term_cr515;2024-02-21 10:42:11
drive_term_cr602;2024-02-21 10:51:00
drive_term_cr1940;2024-02-21 10:59:27
drive_term_cr1524;2024-02-21 12:35:40
drive_term_cr1508;2024-02-21 14:38:38
drive_term_cr1984;2024-02-21 14:47:45
drive_term_cr2003;2024-02-21 16:48:06
drive_term_cr499;2024-02-21 16:58:43
drive_term_cr1746;2024-02-21 17:08:35
drive_term_cr1450;2024-02-21 17:58:30
drive_term_cr1752;2024-02-22 07:59:48
drive_term_cr570;2024-02-22 08:01:58
drive_term_cr897;2024-02-22 08:10:46
drive_term_cr535;2024-02-22 10:57:51
drive_term_cr1663;2024-02-22 11:43:24
drive_term_cr507;2024-02-22 11:53:02
drive_term_cr1414;2024-02-22 11:58:40
drive_term_cr1369;2024-02-22 12:05:17
drive_term_cr1783;2024-02-22 12:14:24
drive_term_cr762;2024-02-22 15:32:35
drive_term_cr1862;2024-02-22 15:39:51
drive_term_cr593;2024-02-22 15:44:19
drive_term_cr1673;2024-02-22 16:23:02
drive_term_cr1325;2024-02-22 16:39:11
drive_term_cr963;2024-02-22 16:56:06
drive_term_cr470;2024-02-22 17:01:24
drive_term_cr1407;2024-02-23 09:01:56
drive_term_cr1973;2024-02-23 10:24:44
drive_term_cr1384;2024-02-23 10:50:00
drive_term_cr1761;2024-02-23 11:12:25
drive_term_cr1327;2024-02-23 13:36:12
drive_term_cr946;2024-02-26 07:48:02
drive_term_cr1349;2024-02-26 07:50:27
drive_term_cr1074;2024-02-26 07:56:14
drive_term_cr1560;2024-02-26 08:37:26
drive_term_cr1781;2024-02-26 08:52:59
drive_term_cr1848;2024-02-26 09:03:37
drive_term_cr1409;2024-02-26 14:15:24
drive_term_cr1853;2024-02-26 14:24:31
drive_term_cr1022;2024-02-26 14:28:41
drive_term_cr1762;2024-02-26 15:21:54
drive_term_cr898;2024-02-26 17:46:09
drive_term_cr1220;2024-02-27 08:03:20
drive_term_cr1654;2024-02-27 09:56:18
drive_term_cr1348;2024-02-27 11:43:56
drive_term_cr2008;2024-02-27 11:52:38
drive_term_cr804;2024-02-27 11:55:28
drive_term_cr482;2024-02-27 11:55:32
drive_term_cr1422;2024-02-27 14:02:29
drive_term_cr1810;2024-02-27 14:07:26
drive_term_cr824;2024-02-27 14:22:34
drive_term_cr1686;2024-02-27 16:06:28
drive_term_cr1843;2024-02-27 16:21:36
drive_term_cr1871;2024-02-27 16:23:50
drive_term_cr1344;2024-02-27 18:19:21
drive_term_cr1376;2024-02-28 07:57:44
drive_term_cr1084;2024-02-28 09:32:46
drive_term_cr1579;2024-02-28 09:44:40
drive_term_cr1277;2024-02-28 10:01:17
drive_term_cr1492;2024-02-28 10:22:32
drive_term_cr1112;2024-02-28 11:58:58
drive_term_cr1977;2024-02-28 15:20:43
drive_term_cr1734;2024-02-28 15:28:34
drive_term_cr1699;2024-02-28 15:31:20
drive_term_cr1475;2024-02-28 15:31:48
drive_term_cr1785;2024-02-28 16:09:37
drive_term_cr1815;2024-02-28 16:35:40
drive_term_cr1430;2024-02-29 07:50:31
drive_term_cr1174;2024-02-29 08:46:11
drive_term_cr1954;2024-02-29 09:10:26
drive_term_cr1842;2024-02-29 09:20:18
drive_term_cr2013;2024-02-29 09:46:18
drive_term_cr1558;2024-02-29 09:51:24
drive_term_cr1483;2024-02-29 10:48:57
drive_term_cr2023;2024-02-29 11:12:14
drive_term_cr1899;2024-02-29 13:12:18
drive_term_cr1599;2024-02-29 16:31:32
drive_term_cr664;2024-02-29 16:42:18
drive_term_cr1942;2024-02-29 17:31:42
drive_term_cr1714;2024-02-29 17:41:49
drive_term_cr1858;2024-02-29 18:33:53
drive_term_cr1999;2024-02-29 19:24:54
drive_term_cr966;2024-03-01 08:51:38
drive_term_cr1187;2024-03-01 09:22:57
drive_term_cr1837;2024-03-01 09:56:23
drive_term_cr1861;2024-03-01 10:54:07
drive_term_cr1741;2024-03-01 11:04:55
drive_term_cr1784;2024-03-01 11:26:40
